subreddit,title,upvotes,comments,stock_tickers,sentiment,timestamp,title_length
investing,is dumping 230k in the sp at once a bad idea,860.0,884.0,None,Negative,2024-12-08 12:01:26.490308,44
investing,bitcoin is at all time high ready to trade in crypto  start your crypto trading journey with confidence on coindcx  learn karo crypto karo,2.0,0.0,None,Neutral,2024-12-08 12:01:26.491294,138
investing,does this time remind you of the dotcom era,568.0,566.0,None,Neutral,2024-12-08 12:01:26.491398,43
investing,warren buffet is holding records amount of cash in tbills right now is that a good strategy,266.0,205.0,None,Neutral,2024-12-08 12:01:26.491485,91
investing,the surprisingly negative sentiment in europe towards sp500 compared to ftse allworld,187.0,199.0,None,Neutral,2024-12-08 12:01:26.491571,85
investing,barrons intel ceo gelsinger retires the stock is gaining,157.0,58.0,None,Positive,2024-12-08 12:01:26.491649,56
investing,what are your favourite investment youtube channels,141.0,123.0,None,Neutral,2024-12-08 12:01:26.491728,51
investing,how much  of your net worth do you keep invested,131.0,384.0,None,Neutral,2024-12-08 12:01:26.491810,48
investing,wild investigation of finfluencer sponsors by the plain bagel,127.0,19.0,None,Neutral,2024-12-08 12:01:26.491888,61
investing,opinions on if trump policy is to increase domestic domestic oil production and reduce regulations wouldnt it increase supply and not necessarily demand thus lowering prices and lowering gas company stock value,123.0,166.0,None,Neutral,2024-12-08 12:01:26.491974,210
investing,my biggest fear for 2025 is declines becoming contagious if one part of the economy hiccups,119.0,107.0,None,Neutral,2024-12-08 12:01:26.492055,91
investing,do i have time to obtain wealth what do i need to do,110.0,89.0,None,Neutral,2024-12-08 12:01:26.492135,52
investing,is there any reason to be invested in a targetdate fund vs a total stock market index 401k,92.0,61.0,None,Neutral,2024-12-08 12:01:26.492217,90
investing,never miss another trade accurate trading signals 7day free trial,2460.0,0.0,None,Neutral,2024-12-08 12:01:26.492312,65
investing,3 years old autistic wanting to make sure hes financially secure,74.0,35.0,None,Neutral,2024-12-08 12:01:26.492396,64
investing,starting from ground 0 and all of this is quite overwhelming,67.0,91.0,None,Neutral,2024-12-08 12:01:26.492471,60
investing,are there big downsides to an hsa,46.0,135.0,None,Neutral,2024-12-08 12:01:26.492543,33
investing,how to buy property in portugal  best places to invest,37.0,74.0,None,Positive,2024-12-08 12:01:26.492616,54
investing,at what point is it worth taking short term capital gains tax,35.0,49.0,None,Positive,2024-12-08 12:01:26.492690,61
investing,suddenly inherited 100k at 20 is it a bad idea to combine sp500 and emerging markets and ignore all world,38.0,67.0,None,Neutral,2024-12-08 12:01:26.492765,105
investing,should i convert my 401k to iraroth ira,21.0,32.0,None,Neutral,2024-12-08 12:01:26.492836,39
investing,whats your asset allocation and how old are you,22.0,154.0,None,Neutral,2024-12-08 12:01:26.492907,47
investing,have you ever been stopped by someone asking what your investing looks like,20.0,45.0,None,Neutral,2024-12-08 12:01:26.492980,75
investing,can you sell a tbill on a treasury market before it matures without any losses,22.0,18.0,None,Negative,2024-12-08 12:01:26.493053,78
investing,quantum computing as long term investing,18.0,44.0,None,Neutral,2024-12-08 12:01:26.493124,40
investing,harness the power of macroeconomic shifts and strategize with aroundtheclock trading with micro fx futures,71.0,0.0,None,Neutral,2024-12-08 12:01:26.493215,106
investing,how do you decide what type of investor you are,15.0,61.0,None,Neutral,2024-12-08 12:01:26.493287,47
investing,question about fidelity,17.0,7.0,None,Neutral,2024-12-08 12:01:26.493356,23
stocks,tesla ceo elon musk loses bid to get 56 billion pay package reinstated,5557.0,785.0,None,Neutral,2024-12-08 12:01:39.188929,70
stocks,intel ceo pat gelsinger retires,698.0,226.0,None,Neutral,2024-12-08 12:01:39.189012,31
stocks,achr  collapse why,693.0,433.0,None,Neutral,2024-12-08 12:01:39.189092,18
stocks,many stocks still down 5090 from 2021 highs,563.0,324.0,None,Neutral,2024-12-08 12:01:39.189172,43
stocks,is anyone else a little concerned about this market jump up,554.0,465.0,None,Neutral,2024-12-08 12:01:39.189252,59
stocks,rivians potential 66 billion doe loan catches eye of muskramaswamys doge,493.0,164.0,None,Neutral,2024-12-08 12:01:39.189333,72
stocks,expected returns have gotten insane,477.0,159.0,None,Neutral,2024-12-08 12:01:39.189411,35
stocks,do you guys believe we are in the beginning of the great melt up or that a recession is coming in the somewhat near future ,322.0,634.0,None,Neutral,2024-12-08 12:01:39.189502,123
stocks,pltr where is the value,319.0,371.0,$PLTR,Neutral,2024-12-08 12:01:39.189582,23
stocks,waymo to expand to miami aims to launch robotaxi service there in 2026,309.0,115.0,None,Neutral,2024-12-08 12:01:39.189663,70
stocks,meta announces 10 billion data center in louisiana,299.0,152.0,None,Neutral,2024-12-08 12:01:39.189744,50
stocks,stellantis ceo resignes is fired,242.0,99.0,None,Neutral,2024-12-08 12:01:39.189822,32
stocks,super micro computer pops 15 after special committee finds no evidence of misconduct,220.0,74.0,None,Neutral,2024-12-08 12:01:39.189904,84
stocks,when do you take the money,221.0,306.0,None,Neutral,2024-12-08 12:01:39.189986,26
stocks,tsmc in talks with nvidia for ai chip production in arizona,208.0,32.0,None,Neutral,2024-12-08 12:01:39.190064,59
stocks,amazon sued by dc attorney general for allegedly excluding neighborhoods from prime delivery,207.0,135.0,None,Neutral,2024-12-08 12:01:39.190144,92
stocks,decades of backtesting insights that changed how i invest,186.0,72.0,None,Neutral,2024-12-08 12:01:39.190224,57
stocks,name a largecap stock and its smallcap competitor,175.0,107.0,None,Neutral,2024-12-08 12:01:39.190303,49
stocks,gelsingers push into software and edge computing was 80 of my faith in the intel leaps im holding anyone able to offer some insight,123.0,99.0,None,Neutral,2024-12-08 12:01:39.190388,131
stocks,intels ceo shakeup puts foundry plans chips act cash at risk,121.0,51.0,None,Negative,2024-12-08 12:01:39.190469,60
stocks,novembers job report shows that nonfarm payrolls are better than expected with a minimal slight rise in the expected unemployment rate,105.0,66.0,None,Neutral,2024-12-08 12:01:39.190554,134
stocks,palantir granted fedramp high baseline authorization,108.0,23.0,None,Neutral,2024-12-08 12:01:39.190631,52
stocks,playing the tiktok possible ban meta snap goog,87.0,77.0,None,Neutral,2024-12-08 12:01:39.190709,46
stocks,portfolio wrapped 2024,86.0,65.0,None,Neutral,2024-12-08 12:01:39.190786,22
stocks,whats going on with the french index,70.0,35.0,None,Neutral,2024-12-08 12:01:39.190864,36
wallstreetbets,my uber driver just checked his portfolio should i leave,71.0,1015.0,None,Neutral,2024-12-08 12:01:52.545918,56
wallstreetbets,ceo gets gunned down in the street outside an investor conference wow i bet thats going to really destroy the stock price,71.0,2293.0,None,Neutral,2024-12-08 12:01:52.546020,121
wallstreetbets,tried to gamble my way out of debt  didnt work ,71.0,2501.0,None,Neutral,2024-12-08 12:01:52.546108,47
wallstreetbets,ive lost it all,71.0,3834.0,None,Neutral,2024-12-08 12:01:52.546191,15
wallstreetbets,80k to 888k in about 15 years leveraging with margin,8714.0,800.0,None,Neutral,2024-12-08 12:01:52.546275,52
wallstreetbets,it happened,7065.0,776.0,None,Neutral,2024-12-08 12:01:52.546357,11
wallstreetbets,bought bitcoin in 2017 for about 3k i sent it to a different wallet then back to coinbase and is now above 100k literally turned 3k into 100,5883.0,446.0,None,Neutral,2024-12-08 12:01:52.546444,140
wallstreetbets,the mother of all bubbles the us has never been so overhyped relative to the rest of the world,5440.0,896.0,None,Neutral,2024-12-08 12:01:52.546529,94
wallstreetbets,musk record tesla pay package rejected again by delaware judge,5007.0,783.0,None,Positive,2024-12-08 12:01:52.546612,62
wallstreetbets,fired my old fart financial advisor stopped swing trading started taking profits started buying the dip almost no options,4782.0,527.0,None,Positive,2024-12-08 12:01:52.546700,121
wallstreetbets,duality of man,4491.0,83.0,None,Neutral,2024-12-08 12:01:52.546780,14
wallstreetbets,600k gain in one month,4266.0,492.0,None,Positive,2024-12-08 12:01:52.546864,22
wallstreetbets,make 250hour or 3000 per study with remote online research workjoin today,71.0,0.0,None,Neutral,2024-12-08 12:01:52.546956,73
wallstreetbets,robinhood getting in on the dead ceo jokes tonight,4239.0,129.0,None,Neutral,2024-12-08 12:01:52.547039,50
wallstreetbets,is this how it ends 1k to 1m back to 20k trading 150k still in checkings final hurrah,4156.0,1611.0,None,Neutral,2024-12-08 12:01:52.547123,85
wallstreetbets,fda may outlaw food dyes within weeks bombshell move would affect candy soda and cakes revolutionize american diets,4109.0,509.0,None,Neutral,2024-12-08 12:01:52.547210,115
wallstreetbets,jacked to the tits on puts  if nasdaq is red tomorrow im 100 booking a porn star,3398.0,939.0,None,Neutral,2024-12-08 12:01:52.547294,80
wallstreetbets,mcdonalds mcd trades like a mcdonalds,3242.0,105.0,$MCD,Neutral,2024-12-08 12:01:52.547375,37
wallstreetbets,microstrategy has acquired 15400 btc for 15 billion,3156.0,474.0,None,Neutral,2024-12-08 12:01:52.547457,51
wallstreetbets,collecting unemployment sitting here between my girlfriends two cats while shes at work fuckin worthless,2964.0,841.0,None,Neutral,2024-12-08 12:01:52.547542,104
wallstreetbets,nvda is best performing stock over last 51015  20 years,2785.0,373.0,None,Neutral,2024-12-08 12:01:52.547624,55
wallstreetbets,which one of you regards writes for forbes,2557.0,173.0,None,Neutral,2024-12-08 12:01:52.547706,42
wallstreetbets,congrats guys pltr now trades at 420x trailing ebitda,2475.0,425.0,$PLTR,Neutral,2024-12-08 12:01:52.547792,53
wallstreetbets,life savings gone years of work wasted,2140.0,774.0,None,Neutral,2024-12-08 12:01:52.547874,38
wallstreetbets,intel announces retirement of ceo pat gelsinger,2049.0,344.0,None,Neutral,2024-12-08 12:01:52.547956,47
wallstreetbets,south korean stocks down 6 today on south korea declaring martial law buy the dip,2023.0,387.0,None,Positive,2024-12-08 12:01:52.548039,81
stockmarket,my apple stock hit 100k,4953.0,183.0,None,Neutral,2024-12-08 12:02:05.881863,23
stockmarket,bitcoin is at all time high ready to trade in crypto  start your crypto trading journey with confidence on coindcx  learn karo crypto karo,2.0,0.0,None,Neutral,2024-12-08 12:02:05.881961,138
stockmarket,tesla loses bid to restore elon musks 56bn pay package,920.0,583.0,None,Neutral,2024-12-08 12:02:05.882048,54
stockmarket,any ideas on when to exit this is getting crazy,848.0,556.0,None,Neutral,2024-12-08 12:02:05.882133,47
stockmarket,i know its not much but i took my first step into investing,591.0,65.0,None,Neutral,2024-12-08 12:02:05.882221,59
stockmarket,do you ever wish you had the balls to buy more than what you did,389.0,180.0,None,Positive,2024-12-08 12:02:05.882308,64
stockmarket,time in the market beats timing the market ignore the noise and let it cook,198.0,36.0,None,Neutral,2024-12-08 12:02:05.882393,75
stockmarket,dont bash me but trying to learn stocks this is what i have so far,178.0,126.0,None,Neutral,2024-12-08 12:02:05.882481,66
stockmarket,is it too risky to enter the market at this time,69.0,238.0,None,Negative,2024-12-08 12:02:05.882562,48
stockmarket,if only i had the cojones,65.0,20.0,None,Neutral,2024-12-08 12:02:05.882645,25
stockmarket,if you arent having fun in the yahoo finance forum youre not truly enjoying the stocks so much drama and infighting,43.0,13.0,None,Neutral,2024-12-08 12:02:05.882737,115
stockmarket,hoping to reach 22k in my portfolio and im out completing the down payment for a house what you think,31.0,89.0,None,Neutral,2024-12-08 12:02:05.882824,101
stockmarket,tesla fever,26.0,54.0,None,Neutral,2024-12-08 12:02:05.882911,11
stockmarket,never miss another trade accurate trading signals 7day free trial,2459.0,0.0,None,Neutral,2024-12-08 12:02:05.883001,65
stockmarket,how to you chose a stock,29.0,43.0,None,Neutral,2024-12-08 12:02:05.883084,24
stockmarket,these are the stocks on my watchlist 124,23.0,4.0,None,Neutral,2024-12-08 12:02:05.883165,40
stockmarket,capital gains loophole question,22.0,30.0,None,Positive,2024-12-08 12:02:05.883245,31
stockmarket,these are the stocks on my watchlist 123,17.0,20.0,None,Neutral,2024-12-08 12:02:05.883327,40
stockmarket,these are the stocks on my watchlist 126,13.0,15.0,None,Neutral,2024-12-08 12:02:05.883407,40
stockmarket,a short critique of ray dalio,11.0,8.0,None,Neutral,2024-12-08 12:02:05.883487,29
stockmarket,sava thoughts,12.0,13.0,None,Neutral,2024-12-08 12:02:05.883568,13
stockmarket,looking at japans mineral discovery and the effect on ev and chip stocks,11.0,8.0,None,Neutral,2024-12-08 12:02:05.883652,72
stockmarket,these are the stocks on my watchlist 122,9.0,8.0,None,Neutral,2024-12-08 12:02:05.883732,40
stockmarket,seeking feedback on my 200k investment strategy at 24,8.0,36.0,None,Neutral,2024-12-08 12:02:05.883815,53
stockmarket,raytheon awarded 13 billion navy  dod contract just now rtx,8.0,2.0,$RTX,Neutral,2024-12-08 12:02:05.883897,59
stockmarket,delight in bombay halwa  soft chewy and bursting with authentic flavors freshly made and delivered next day  order now from the modern village,71.0,6.0,None,Neutral,2024-12-08 12:02:05.884798,142
stockmarket,devon energy  checking if i am missing anything,6.0,5.0,None,Neutral,2024-12-08 12:02:05.884890,47
stockmarket,anyone else buying the nu dip,4.0,34.0,None,Positive,2024-12-08 12:02:05.884975,29
finance,powell says hes not worried about the fed losing its independence under trump,1178.0,107.0,None,Neutral,2024-12-08 12:02:18.460930,77
finance,bitcoin is at all time high ready to trade in crypto  start your crypto trading journey with confidence on coindcx  learn karo crypto karo,2.0,0.0,None,Neutral,2024-12-08 12:02:18.461063,138
finance,tesla ceo elon musk loses bid to get 56 billion pay package reinstated,1019.0,111.0,None,Neutral,2024-12-08 12:02:18.461182,70
finance,unchecked corporate pricing power is a factor in us inflation,852.0,156.0,None,Neutral,2024-12-08 12:02:18.461297,61
finance,art cashin new york stock exchange fixture for decades dies at age 83,27.0,11.0,None,Neutral,2024-12-08 12:02:18.461411,69
finance,ugoopyteacher explains how the health insurance mafia has manipulated the market for healthcare to continually jack up prices,18.0,0.0,None,Neutral,2024-12-08 12:02:18.461530,125
finance,moronic monday  december 02 2024  your weekly questions thread,1.0,12.0,None,Neutral,2024-12-08 12:02:18.461644,62
cryptocurrency,hawk tuah girl responds as people call for her to be jailed with fans losing life savings after buying her cryptocurrency,71.0,4985.0,None,Positive,2024-12-08 12:02:56.496272,121
cryptocurrency,bitcoin is at all time high ready to trade in crypto  start your crypto trading journey with confidence on coindcx  learn karo crypto karo,2.0,0.0,None,Neutral,2024-12-08 12:02:56.496368,138
cryptocurrency,on february 9th 2011 bitcoin first touched 1 less than 14 years later bitcoin has surpassed 100k an increase of 10 million percent,7721.0,487.0,None,Neutral,2024-12-08 12:02:56.496460,130
cryptocurrency,hawk tuah girl is being investigated by law firms over possible lawsuit as fans lose life savings after buying her cryptocurrency,6546.0,768.0,None,Positive,2024-12-08 12:02:56.496549,129
cryptocurrency,bitcoins officially hits 100000 for the first time ever,3863.0,500.0,None,Neutral,2024-12-08 12:02:56.496634,55
cryptocurrency,man narrows landfill search for 771 million bitcoin hard drive with finely tuned plan,3508.0,574.0,None,Neutral,2024-12-08 12:02:56.496720,85
cryptocurrency,the hawk tuah girl committed a horrible crime not calling her crypto spitcoin,2757.0,207.0,None,Neutral,2024-12-08 12:02:56.496806,77
cryptocurrency,in 2018 on hitbtc i purchased many different coins including 2000 dogecoins and was going to get them out in 10 years hitbtc took them all,2124.0,493.0,None,Neutral,2024-12-08 12:02:56.496896,138
cryptocurrency,us gov told banks to suppress crypto coinbase documents show,1838.0,207.0,None,Neutral,2024-12-08 12:02:56.496982,60
cryptocurrency,bitcoin sudden drop to 93k wipes out 303m of longs within minutes,1824.0,205.0,None,Neutral,2024-12-08 12:02:56.497069,65
cryptocurrency,us government has started to move 336m worth of eth busd shib and other coins to a new wallet they also continue to hold mammoth of 1981k btc 1892b,1647.0,369.0,None,Neutral,2024-12-08 12:02:56.497161,147
cryptocurrency,the famous hawk tuah girl haliey welchs hawk memecoin has sparked controversy as its price dumps over 90 within hours one of the key reasons behind hawk price crashing was a finding of alleged snipers and insiders,1556.0,345.0,None,Negative,2024-12-08 12:02:56.497258,213
cryptocurrency,beware of these youtubers their top comments are all bots,1549.0,242.0,None,Neutral,2024-12-08 12:02:56.497344,57
cryptocurrency,never miss another trade accurate trading signals 7day free trial,2464.0,0.0,None,Neutral,2024-12-08 12:02:56.497435,65
cryptocurrency,534 billion in bitcoin withdrawn from exchanges in 72 hours,1531.0,162.0,None,Neutral,2024-12-08 12:02:56.497519,59
cryptocurrency,donald trump officially selects procrypto paul atkins to replace gary gensler as sec chair,1515.0,187.0,None,Neutral,2024-12-08 12:02:56.497605,90
cryptocurrency,we need to have a serious talk about marketcaps,1399.0,712.0,None,Neutral,2024-12-08 12:02:56.497683,47
cryptocurrency,dormant bitcoin whale transfers 2700 btc he received bitcoins back in 2013 when price was only 625 the current value skyrocketed to 277m almost 15300 gain,1305.0,210.0,None,Positive,2024-12-08 12:02:56.497765,154
cryptocurrency,bitcoin crashes to 62000 on upbit after south korea enacts emergency martial law,1288.0,158.0,None,Negative,2024-12-08 12:02:56.497844,80
cryptocurrency,microstrategy has acquired another 15400 btc for 15 billion they now hold 402100 btc acquired for 234 billion saylor quotes the only thing better than bitcoin is more bitcoin,1239.0,252.0,None,Neutral,2024-12-08 12:02:56.497929,174
cryptocurrency,eth price hits 9month high surpasses 4000 mark,1232.0,219.0,None,Neutral,2024-12-08 12:02:56.498007,46
cryptocurrency,us government transfers bitcoin worth 2 billion to coinbase,1165.0,159.0,None,Neutral,2024-12-08 12:02:56.498085,59
cryptocurrency,always remember we aint sheep we know whats coming,1114.0,728.0,None,Neutral,2024-12-08 12:02:56.498161,50
cryptocurrency,is today the day of q4 2021,1110.0,127.0,None,Neutral,2024-12-08 12:02:56.498238,27
cryptocurrency,whos laughing now  nyc mayor received bitcoin paychecks and says we should not be afraid of bitcoin,1109.0,186.0,None,Neutral,2024-12-08 12:02:56.498318,99
cryptocurrency,trust a stranger or trust worldclass security and 10 years of experience,71.0,0.0,None,Neutral,2024-12-08 12:02:56.498400,72
cryptocurrency,this altcoin season is going to make some rich and some cry like babies in the end,1102.0,559.0,None,Neutral,2024-12-08 12:02:56.498478,82
cryptocurrency,xrp becomes worlds thirdlargest crypto overtakes tethers usdt in market cap,1022.0,309.0,None,Neutral,2024-12-08 12:02:56.498557,75
algo_trading,the most profitable strategy on earth,0.0,0.0,None,Positive,2024-12-08 12:03:08.998801,37
valueinvesting,btc hits 100k while the graham approach is at an absolute low,677.0,515.0,None,Neutral,2024-12-08 12:03:22.535008,61
valueinvesting,the mother of all bubbles us markets in an unprecedented hype cycle,653.0,256.0,None,Neutral,2024-12-08 12:03:22.535281,67
valueinvesting,for those that think the market is overvalued based on historical norms,212.0,212.0,None,Neutral,2024-12-08 12:03:22.535368,71
valueinvesting,peter lynch is the real deal,191.0,66.0,None,Neutral,2024-12-08 12:03:22.535454,28
valueinvesting,how do you remain sane in an insane market,140.0,103.0,None,Neutral,2024-12-08 12:03:22.535537,42
valueinvesting,which stock is your biggest regret for not purchasing when you had the chance but thought otherwise,99.0,318.0,None,Neutral,2024-12-08 12:03:22.535629,99
valueinvesting,what has worked for me in investing,94.0,31.0,None,Neutral,2024-12-08 12:03:22.535713,35
valueinvesting,michael burry went all in on china and baba,79.0,94.0,None,Neutral,2024-12-08 12:03:22.535796,43
valueinvesting,which stocks are you keeping an eye on for a potential price drop and by what percentage would they need to dip before youd consider buying,76.0,162.0,None,Positive,2024-12-08 12:03:22.535889,139
valueinvesting,share an example of when you bought the dip and it paid off,79.0,283.0,None,Neutral,2024-12-08 12:03:22.535976,59
valueinvesting,best small cap value stocks right now,68.0,159.0,None,Neutral,2024-12-08 12:03:22.536058,37
valueinvesting,what do you think about rddt,65.0,140.0,$RDDT,Neutral,2024-12-08 12:03:22.536144,28
valueinvesting,uber and lyft were hit hard today due to waymo expansion in miami so why is googl also dropping,61.0,75.0,None,Neutral,2024-12-08 12:03:22.536236,95
valueinvesting,seeking your thoughts on my google investment,57.0,88.0,None,Neutral,2024-12-08 12:03:22.536319,45
valueinvesting,24 undervalued stocks in the sp500 nasdaq100 and dow30 your weekly guide 01 december 2024  maybe of interest,47.0,13.0,None,Neutral,2024-12-08 12:03:22.536405,108
valueinvesting,worng answers only  the stock that will outperform in 2025,45.0,217.0,None,Neutral,2024-12-08 12:03:22.536488,58
valueinvesting,intel  buy sell hold   following ceo ouster,46.0,113.0,None,Neutral,2024-12-08 12:03:22.536573,43
valueinvesting,overlooked sectors going into 2025,47.0,99.0,None,Neutral,2024-12-08 12:03:22.536655,34
valueinvesting,value stocks are stocks that are currently trading at a price lower than their actual intrinsic price,46.0,20.0,None,Neutral,2024-12-08 12:03:22.536741,101
valueinvesting,if you are invested in individual stocks and didnt overpay for them you should not worry about the overall stock market,45.0,5.0,None,Neutral,2024-12-08 12:03:22.536833,119
valueinvesting,starting with an sp index and then deleting the companies you dont like,44.0,72.0,None,Neutral,2024-12-08 12:03:22.536925,71
valueinvesting,the us and the global markets are overvalued,40.0,244.0,None,Neutral,2024-12-08 12:03:22.537008,44
valueinvesting,cheer holding chr market cap 29m buyback 50m,40.0,78.0,None,Positive,2024-12-08 12:03:22.537092,44
valueinvesting,make 250hour or 3000 per study with remote online research workjoin today,71.0,0.0,None,Neutral,2024-12-08 12:03:22.537189,73
valueinvesting,seeking your best value picks  trump presidency potential,32.0,127.0,None,Neutral,2024-12-08 12:03:22.537276,57
valueinvesting,raytheon awarded 13 billion navy  dod contract just now rtx,30.0,15.0,$RTX,Neutral,2024-12-08 12:03:22.537366,59
dividends,22m just cracked 300 annual,914.0,96.0,None,Neutral,2024-12-08 12:03:35.605068,27
dividends,10k a year milestone,611.0,80.0,None,Neutral,2024-12-08 12:03:35.605190,20
dividends,bitcoin is at all time high ready to trade in crypto  start your crypto trading journey with confidence on coindcx  learn karo crypto karo,2.0,0.0,None,Neutral,2024-12-08 12:03:35.605362,138
dividends,well dividends keep me afloat,438.0,204.0,None,Neutral,2024-12-08 12:03:35.605440,29
dividends,just hit 1k dividends,259.0,32.0,None,Neutral,2024-12-08 12:03:35.605516,21
dividends,im at least 20 years away from retiring,240.0,72.0,None,Neutral,2024-12-08 12:03:35.605593,39
dividends,4 years of dividend reinvestment,196.0,62.0,None,Neutral,2024-12-08 12:03:35.605667,32
dividends,28m military officer living overseas just hit 250k net worth mint is dead but finally found something better,147.0,36.0,None,Neutral,2024-12-08 12:03:35.605743,108
dividends,jepq first dividend,148.0,65.0,None,Neutral,2024-12-08 12:03:35.605815,19
dividends,900 a month from 122k,133.0,108.0,None,Neutral,2024-12-08 12:03:35.605887,21
dividends,38m started investing 6 year ago how am i doing,130.0,82.0,None,Neutral,2024-12-08 12:03:35.605969,47
dividends,best dividend stocks with 1mill,107.0,131.0,None,Neutral,2024-12-08 12:03:35.606041,31
dividends,schd challenge update,104.0,38.0,None,Neutral,2024-12-08 12:03:35.606113,21
dividends,which portfolio,92.0,69.0,None,Neutral,2024-12-08 12:03:35.606184,15
dividends,why are so many people against dividend investing i just cannot believe how divisive the etf community is about that hell the entire stock market community is pretty divided is there something im missing or,97.0,163.0,None,Positive,2024-12-08 12:03:35.606286,206
dividends,27m just started portfolio around 2 months ago any suggestions,66.0,51.0,None,Neutral,2024-12-08 12:03:35.606361,62
dividends,the 2024 help desk gift guide tech we tested and recommend,71.0,0.0,None,Neutral,2024-12-08 12:03:35.606451,58
dividends,what are the downsides of buying the holdings of schd,61.0,60.0,None,Positive,2024-12-08 12:03:35.606525,53
dividends,building my portfolio any advice,56.0,51.0,None,Neutral,2024-12-08 12:03:35.606597,32
dividends,proctor  gamble,57.0,29.0,None,Neutral,2024-12-08 12:03:35.606669,15
dividends,for those that are choosing individual dividend stocks over etfswhy,56.0,105.0,None,Neutral,2024-12-08 12:03:35.606747,67
dividends,best dividend etf for next 15 years or so,40.0,61.0,None,Neutral,2024-12-08 12:03:35.606820,41
dividends,first year so far,42.0,14.0,None,Neutral,2024-12-08 12:03:35.606891,17
dividends,dow up dividend etfs down ,39.0,48.0,None,Neutral,2024-12-08 12:03:35.606963,26
dividends,best dividend stock,40.0,129.0,None,Neutral,2024-12-08 12:03:35.607034,19
dividends,my dividend portfolio,40.0,10.0,None,Neutral,2024-12-08 12:03:35.607105,21
dividends,100 dividend investing at 27,33.0,42.0,None,Neutral,2024-12-08 12:03:35.607177,28
daytrading,full time retail trader 10 years ama,666.0,615.0,None,Neutral,2024-12-08 12:03:49.011687,36
daytrading,bitcoin is at all time high ready to trade in crypto  start your crypto trading journey with confidence on coindcx  learn karo crypto karo,3.0,0.0,None,Neutral,2024-12-08 12:03:49.011785,138
daytrading,just made 3500 dollars on the difference between buy and sell,511.0,150.0,None,Neutral,2024-12-08 12:03:49.011873,61
daytrading,oops i did it again 2000 month,363.0,292.0,None,Positive,2024-12-08 12:03:49.011961,30
daytrading,you are not in the prediction business you are in the risk business,316.0,41.0,None,Negative,2024-12-08 12:03:49.012046,67
daytrading,was there any way to foresee this huge spike in price,240.0,143.0,None,Neutral,2024-12-08 12:03:49.012133,53
daytrading,turned a 20 loss into a 300 loss,181.0,81.0,None,Negative,2024-12-08 12:03:49.012216,32
daytrading,what am i doing wrong keep falling for false breakouts,178.0,197.0,None,Neutral,2024-12-08 12:03:49.012302,54
daytrading,the 99 of traders fail is a fake statistic,170.0,116.0,None,Neutral,2024-12-08 12:03:49.012386,42
daytrading,someone please tell me what i did wrong here,156.0,226.0,None,Neutral,2024-12-08 12:03:49.012471,44
daytrading,this is why risk management is important,159.0,35.0,None,Negative,2024-12-08 12:03:49.012556,40
daytrading,thoughts,136.0,38.0,None,Neutral,2024-12-08 12:03:49.012648,8
daytrading,not profitable try this,139.0,43.0,None,Positive,2024-12-08 12:03:49.012735,23
daytrading,never miss another trade accurate trading signals 7day free trial,2463.0,0.0,None,Neutral,2024-12-08 12:03:49.012825,65
daytrading,might be profitable after 6 years accidentally,134.0,80.0,None,Positive,2024-12-08 12:03:49.012909,46
daytrading,1700 profit 10 minute pre market scalping,124.0,112.0,None,Positive,2024-12-08 12:03:49.012994,41
daytrading,you dont need crazy high win rates and risktorewards,116.0,79.0,None,Negative,2024-12-08 12:03:49.013080,52
daytrading,what was my mistake,113.0,238.0,None,Neutral,2024-12-08 12:03:49.013164,19
daytrading,how do you think 24 hour markets will affect daytrading,113.0,120.0,None,Neutral,2024-12-08 12:03:49.013248,55
daytrading,you can be profitable with a negative win  ratio as long as you manage your risk,99.0,24.0,None,Neutral,2024-12-08 12:03:49.013335,80
daytrading,my first profitable month what adjustments i made,99.0,49.0,None,Positive,2024-12-08 12:03:49.013421,49
daytrading,for those of you that get burned with false breakouts,93.0,64.0,None,Neutral,2024-12-08 12:03:49.013506,53
daytrading,current goal just be green,86.0,52.0,None,Neutral,2024-12-08 12:03:49.013588,26
daytrading,got scared for life never shorting these chinese pds ever again,78.0,82.0,None,Positive,2024-12-08 12:03:49.013674,63
daytrading,you cant escape losses nobody can,72.0,25.0,None,Negative,2024-12-08 12:03:49.013756,33
daytrading,stay ahead of global events with micro fx futures and seize opportunities driven by macroeconomic factors,71.0,0.0,None,Neutral,2024-12-08 12:03:49.013847,105
daytrading,why did i get stopped out here,66.0,55.0,None,Neutral,2024-12-08 12:03:49.013932,30
daytrading,learned how to read level 2 and now im up over 9 my biggest profitable trading day,63.0,42.0,None,Positive,2024-12-08 12:03:49.014019,82
pennystocks,which stock are you most proud of buying at the right time,388.0,376.0,None,Positive,2024-12-08 12:04:02.348375,58
pennystocks,bitcoin is at all time high ready to trade in crypto  start your crypto trading journey with confidence on coindcx  learn karo crypto karo,2.0,0.0,None,Neutral,2024-12-08 12:04:02.348473,138
pennystocks,kulr is the future strategic bitcoin play could make this penny stock a multibagger,206.0,131.0,None,Neutral,2024-12-08 12:04:02.348564,83
pennystocks,for you kulr nerds out there like me kulr just got cooler,195.0,181.0,None,Neutral,2024-12-08 12:04:02.348652,57
pennystocks,convince me not to put 100k into caba on monday,138.0,145.0,None,Neutral,2024-12-08 12:04:02.348739,47
pennystocks,sharing my penny stocks in focus kulr mynz boltcn optt kdly and their potential,112.0,103.0,None,Neutral,2024-12-08 12:04:02.348826,79
pennystocks,done well this year time to ramp it up in 25 ,105.0,93.0,None,Neutral,2024-12-08 12:04:02.348914,45
pennystocks,first week of december watchlist i have a good feeling about 2025,77.0,61.0,None,Neutral,2024-12-08 12:04:02.349002,65
pennystocks,buying beat up stocks for january profits prso skyx nb inbs atlx,77.0,16.0,"$PRSO, $SKYX, $NB, $INBS, $ATLX",Positive,2024-12-08 12:04:02.349095,64
pennystocks,my top 7 penny stocks to watch now kulr mynz boltcn optt kdly  more highrisk highreward picks for 2024,70.0,78.0,None,Negative,2024-12-08 12:04:02.349185,102
pennystocks,great news for eltp,64.0,18.0,None,Neutral,2024-12-08 12:04:02.349267,19
pennystocks,antimony stocks about to break out ,64.0,68.0,None,Neutral,2024-12-08 12:04:02.349354,35
pennystocks,kdly a 7m mc penny stock backed by a 600 billion dollar company more,61.0,43.0,$KDLY,Neutral,2024-12-08 12:04:02.349441,68
pennystocks,i wrote the post last month on optt before it blew up  just following through,59.0,28.0,None,Neutral,2024-12-08 12:04:02.349528,77
pennystocks,never miss another trade accurate trading signals 7day free trial,2465.0,0.0,None,Neutral,2024-12-08 12:04:02.349619,65
pennystocks,december 6 2024 sharing my stock updates on my watchlist and key developments for each,57.0,37.0,None,Neutral,2024-12-08 12:04:02.349706,86
pennystocks,10 bagger potential buyout likely akts be smart tight sl,52.0,32.0,$AKTS,Positive,2024-12-08 12:04:02.349791,56
pennystocks,rgti a quantum leap for investors,55.0,69.0,None,Neutral,2024-12-08 12:04:02.349875,33
pennystocks,kulr vs mvst quick information,52.0,56.0,"$KULR, $MVST",Neutral,2024-12-08 12:04:02.349960,30
pennystocks,ampx ,52.0,18.0,None,Neutral,2024-12-08 12:04:02.350044,5
pennystocks,are we witnessing overhyped markets or are we seeing new global giants beginning their journey to greatness,44.0,101.0,None,Neutral,2024-12-08 12:04:02.350135,107
pennystocks,clover health is about to explode in 2025,42.0,33.0,None,Neutral,2024-12-08 12:04:02.350221,41
pennystocks,youre going to think back to this post 35 years from now wishing you just put in a little extra attention to gorilla technology inc grrr,40.0,41.0,$GRRR,Neutral,2024-12-08 12:04:02.350311,136
pennystocks, cvgi  a trump infrastructure play thats being slept on insiders buying,36.0,50.0,$CVGI,Positive,2024-12-08 12:04:02.350403,71
pennystocks,do any of you day trade penny stocks for a living,31.0,71.0,None,Neutral,2024-12-08 12:04:02.350489,49
pennystocks,military metals corp cse mili otcqb milif today china bans export of key minerals to us as trade frictions escalate,30.0,32.0,None,Neutral,2024-12-08 12:04:02.350577,115
pennystocks,delight in bombay halwa  soft chewy and bursting with authentic flavors freshly made and delivered next day  order now from the modern village,71.0,6.0,None,Neutral,2024-12-08 12:04:02.351205,142
pennystocks,wksp worksport,29.0,42.0,$WKSP,Neutral,2024-12-08 12:04:02.351297,14
options,assuming a 3040 drop in the market starts in january  which puts would make you a millionaire,397.0,637.0,None,Neutral,2024-12-08 12:04:15.222636,93
options,we built what we needed free way to find accessible games built by disabled gamers free forever waitlist open,71.0,0.0,None,Neutral,2024-12-08 12:04:15.222737,109
options,im out closed all positions except leaps,162.0,165.0,None,Neutral,2024-12-08 12:04:15.222822,40
options,lost my whole port today,152.0,355.0,None,Neutral,2024-12-08 12:04:15.222904,24
options,amzn free money glitch,81.0,59.0,$AMZN,Neutral,2024-12-08 12:04:15.222986,22
options,where do you turn for solid options picks,68.0,73.0,None,Neutral,2024-12-08 12:04:15.223068,41
options,mstr 400 leaps beaten up by iv contraction,71.0,63.0,None,Neutral,2024-12-08 12:04:15.223149,42
options,leaps trading dilemma take profits now or ride the longterm wave,41.0,47.0,None,Positive,2024-12-08 12:04:15.223227,64
options,cheap calls puts and earnings plays for this week,41.0,13.0,None,Neutral,2024-12-08 12:04:15.223303,49
options,i cant cope huge options loss,36.0,222.0,None,Negative,2024-12-08 12:04:15.223378,29
options,did i just make 1k in 7 minutes selling a 0dte otm 390p csp on applovin app,31.0,58.0,$APP,Negative,2024-12-08 12:04:15.223455,75
options,look for some good leaps to buy that expire 2026,29.0,114.0,None,Positive,2024-12-08 12:04:15.223531,48
options,best dte for selling puts,26.0,69.0,None,Negative,2024-12-08 12:04:15.223605,25
options,make 250hour or 3000 per study with remote online research workjoin today,71.0,0.0,None,Neutral,2024-12-08 12:04:15.223691,73
options,bro this is tough missing everything on nvidia options this week,25.0,35.0,None,Neutral,2024-12-08 12:04:15.223766,64
options,happy monday happy december,23.0,30.0,None,Neutral,2024-12-08 12:04:15.223841,27
options,option tools i used in 2024,18.0,19.0,None,Neutral,2024-12-08 12:04:15.223914,27
options,roast my trade short spy for a drop tomorrow,17.0,50.0,None,Neutral,2024-12-08 12:04:15.223989,44
options,selling covered calls monthly or yearly,17.0,32.0,None,Negative,2024-12-08 12:04:15.224066,39
options,just found out about covered calls,14.0,127.0,None,Neutral,2024-12-08 12:04:15.224140,34
options,fixing covered calls,17.0,23.0,None,Neutral,2024-12-08 12:04:15.224212,20
options,is selling cash covered puts on the money for smci safe 7 premium for 35 day contracts,14.0,54.0,None,Negative,2024-12-08 12:04:15.224288,86
options,profit mechanisms for options trading,17.0,9.0,None,Positive,2024-12-08 12:04:15.224362,37
options,bitcoin euphoria threatens to break these etfs,13.0,18.0,None,Neutral,2024-12-08 12:04:15.224435,46
options,selling covered calls on nvda,12.0,47.0,None,Negative,2024-12-08 12:04:15.224508,29
options,our forex trading course is free to sign up for a limited time only grab your lifetime access today offer ends 31 december 2024,71.0,0.0,None,Neutral,2024-12-08 12:04:15.224593,127
options,grrrrrreeks,12.0,20.0,None,Neutral,2024-12-08 12:04:15.224666,11
options,2k to invest in callsputs,12.0,68.0,None,Neutral,2024-12-08 12:04:15.224738,25
FIRE,900k at 40 years old,869.0,202.0,None,Neutral,2024-12-08 12:04:28.663942,20
FIRE,bitcoin is at all time high ready to trade in crypto  start your crypto trading journey with confidence on coindcx  learn karo crypto karo,3.0,0.0,None,Neutral,2024-12-08 12:04:28.664035,138
FIRE,many of us are using re fantasies to avoid problems we could solve today,493.0,160.0,None,Neutral,2024-12-08 12:04:28.664121,72
FIRE,hit 100k in my roth today,435.0,58.0,None,Neutral,2024-12-08 12:04:28.664203,25
FIRE,375k at 33 years old tired and hitting savings fatigue,393.0,252.0,None,Neutral,2024-12-08 12:04:28.664285,54
FIRE,im mentally going crazy seeing stocks reaching aths and i sold 150k from my portfolio 2 years ago to buy a condo thats gone down in value ,397.0,331.0,None,Positive,2024-12-08 12:04:28.664377,138
FIRE,years of savings has made me very frugal,352.0,232.0,None,Neutral,2024-12-08 12:04:28.664459,40
FIRE,hit my number same week i got laid off,314.0,157.0,None,Neutral,2024-12-08 12:04:28.664539,38
FIRE,35m milestone,277.0,101.0,None,Neutral,2024-12-08 12:04:28.664617,13
FIRE,i hit 200k in my personal savings and investments at 28m,271.0,47.0,None,Neutral,2024-12-08 12:04:28.664704,56
FIRE,i was shocked how much social security i qualify for despite planning for early 30s retirement,262.0,203.0,None,Neutral,2024-12-08 12:04:28.664789,94
FIRE,milestones,259.0,50.0,None,Neutral,2024-12-08 12:04:28.664870,10
FIRE,re one year later  my perspective,194.0,27.0,None,Neutral,2024-12-08 12:04:28.664950,33
FIRE,taken down by his own consciouslmao,71.0,0.0,None,Neutral,2024-12-08 12:04:28.665044,35
FIRE,can i retire with 12m at 44,190.0,222.0,None,Neutral,2024-12-08 12:04:28.665124,27
FIRE,passed 1m nw,186.0,51.0,None,Neutral,2024-12-08 12:04:28.665204,12
FIRE,15m at 40 wooho and thank you,162.0,34.0,None,Neutral,2024-12-08 12:04:28.665285,29
FIRE,did the fire movement only occur due to corporation moving away from standard pensions 30 years ago,142.0,181.0,None,Neutral,2024-12-08 12:04:28.665368,99
FIRE,kids these days,130.0,115.0,None,Neutral,2024-12-08 12:04:28.665447,15
FIRE,healthcare worker hit 13 m in net worth,134.0,95.0,None,Neutral,2024-12-08 12:04:28.665529,39
FIRE,60 gain in sp 500 in last 2 years,114.0,136.0,None,Positive,2024-12-08 12:04:28.665608,33
FIRE,trying to get laid off,105.0,78.0,None,Neutral,2024-12-08 12:04:28.665688,22
FIRE,the lost decade,101.0,77.0,None,Neutral,2024-12-08 12:04:28.665766,15
FIRE,fire has altered my outlook on work hurting my productivity looking for advice,94.0,50.0,None,Neutral,2024-12-08 12:04:28.665848,78
FIRE,finally hit my goal 3m  paid off home would like a second set of eyes,91.0,93.0,None,Neutral,2024-12-08 12:04:28.665930,69
FIRE,how dependent is your plan on aca,92.0,192.0,None,Neutral,2024-12-08 12:04:28.666011,33
FIRE,hit 1m nw at 36 yo married with kids,86.0,22.0,None,Neutral,2024-12-08 12:04:28.666092,36
IndiaInvestments,my brother in law wants to invest 60l to get regular income,184.0,65.0,None,Neutral,2024-12-08 12:04:53.780043,59
IndiaInvestments,im 37 years old with all of my investment only in the form of fds of various banks please help,174.0,76.0,None,Neutral,2024-12-08 12:04:53.780161,94
IndiaInvestments,as a long term investor in india do you wonder about issues with infrastructure norms pollution corruption causing a crash in the future,77.0,31.0,None,Negative,2024-12-08 12:04:53.780274,136
IndiaInvestments,how would you use an amount of around 15 cr if you had it,56.0,97.0,None,Neutral,2024-12-08 12:04:53.780376,57
IndiaInvestments,insurance company deducting amount from second claim due to their own error in first claim  need advice,14.0,19.0,None,Neutral,2024-12-08 12:04:53.780506,103
IndiaInvestments,have two questions in context of motilal oswal s  p index fund investment,4.0,5.0,None,Neutral,2024-12-08 12:04:53.780609,73
IndiaInvestments,biweekly advice thread december 01 2024 all your personal queries,1.0,41.0,None,Neutral,2024-12-08 12:04:53.780713,65
IndiaInvestments,reviews of banking services  products thread for december 2024  request or post reviews here,1.0,2.0,None,Neutral,2024-12-08 12:04:53.780820,92
IndiaInvestments,unable to change bank details in groww app via mf central website,0.0,4.0,None,Neutral,2024-12-08 12:04:53.780922,65
IndiaInvestments,how do former nris manage finances abroad remotely after return to india,0.0,0.0,None,Neutral,2024-12-08 12:04:53.781024,72
IndiaInvestments,can a nri return to india and retire comfortably with a 1 million dollars,0.0,6.0,None,Neutral,2024-12-08 12:04:53.781126,73
Trading,i want to trade for a living so done with my sales role,151.0,83.0,None,Neutral,2024-12-08 12:05:06.703576,55
Trading,bitcoin is at all time high ready to trade in crypto  start your crypto trading journey with confidence on coindcx  learn karo crypto karo,3.0,0.0,None,Neutral,2024-12-08 12:05:06.703681,138
Trading,any trading youtube channel where the guru doesnt sell you a course,110.0,180.0,None,Negative,2024-12-08 12:05:06.703767,67
Trading,74 win rate without stop loss,103.0,60.0,None,Negative,2024-12-08 12:05:06.703849,29
Trading,trading by gut feeling is underrated,90.0,48.0,None,Neutral,2024-12-08 12:05:06.703931,36
Trading,most pro traders didnt go to college,39.0,111.0,None,Neutral,2024-12-08 12:05:06.704013,36
Trading,got a trading strategies while in fulltime job,33.0,55.0,None,Neutral,2024-12-08 12:05:06.704094,46
Trading,what is the most money you made in one day trading,29.0,126.0,None,Neutral,2024-12-08 12:05:06.704175,50
Trading,how to get started with trading,28.0,30.0,None,Neutral,2024-12-08 12:05:06.704256,31
Trading,how much of success in trading stocks is based on luck,19.0,60.0,None,Neutral,2024-12-08 12:05:06.704337,54
Trading,tips for the young ones,17.0,21.0,None,Neutral,2024-12-08 12:05:06.704417,23
Trading,dont scalp if you dont have patience price action not price patterns will win,13.0,9.0,None,Neutral,2024-12-08 12:05:06.704500,77
Trading,36 win ratio,11.0,16.0,None,Neutral,2024-12-08 12:05:06.704579,12
Trading,never miss another trade accurate trading signals 7day free trial,2463.0,0.0,None,Neutral,2024-12-08 12:05:06.704668,65
Trading,give advices for a wannabe trader,12.0,30.0,None,Neutral,2024-12-08 12:05:06.704749,33
Trading,beginner,10.0,18.0,None,Neutral,2024-12-08 12:05:06.704827,8
Trading,lets talk strategies lessons and staying in the game,9.0,12.0,None,Neutral,2024-12-08 12:05:06.704913,52
Trading,whats the one forex myth you believed that cost you money,9.0,10.0,None,Neutral,2024-12-08 12:05:06.704996,57
Trading,why was xauusd so choppy the past week,10.0,9.0,None,Neutral,2024-12-08 12:05:06.705077,38
Trading,are we already in the bull run,9.0,40.0,None,Neutral,2024-12-08 12:05:06.705158,30
Trading,need of trading friends,8.0,4.0,None,Neutral,2024-12-08 12:05:06.705238,23
Trading,can someone explain this please how are traders forced out,6.0,13.0,None,Neutral,2024-12-08 12:05:06.705319,58
Trading,drinking and trading,3.0,46.0,None,Neutral,2024-12-08 12:05:06.705399,20
Trading,anyone know of any trading groups i can join,6.0,10.0,None,Neutral,2024-12-08 12:05:06.705480,44
Trading,how do i start trading and on which platforms,4.0,6.0,None,Neutral,2024-12-08 12:05:06.705564,45
Trading,ready to pursue your nursing education with sophias nursing pathway there are no start dates begin anytime 100 online,71.0,0.0,None,Neutral,2024-12-08 12:05:06.705660,117
Trading,is there anyone struggling with this or its just me,5.0,47.0,None,Neutral,2024-12-08 12:05:06.705742,51
Trading,this is the dumbest thing ive seen today,4.0,4.0,None,Neutral,2024-12-08 12:05:06.705824,40
TheDividendGrowth,rdividends dividend investing,0.0,0.0,None,Neutral,2024-12-08 12:05:19.523675,29
TheDividendGrowth,rinvestingforbeginners investing for beginners no indexing or betting here,0.0,0.0,None,Neutral,2024-12-08 12:05:19.523778,74
TheDividendGrowth,rinvesting lose money with friends,0.0,0.0,None,Neutral,2024-12-08 12:05:19.523864,34
TheDividendGrowth,rclimate information about the worlds climate,0.0,0.0,None,Neutral,2024-12-08 12:05:19.523952,45
TheDividendGrowth,rqyldgang income investing,0.0,0.0,None,Neutral,2024-12-08 12:05:19.524046,26
TheDividendGrowth,rdefianceetfs defianceetfs,0.0,0.0,None,Neutral,2024-12-08 12:05:19.524128,26
TheDividendGrowth,rstocks stocks  investing and trading for all,0.0,0.0,None,Neutral,2024-12-08 12:05:19.524217,45
TheDividendGrowth,rcanadianinvestor canadian investor,0.0,0.0,None,Neutral,2024-12-08 12:05:19.524300,35
TheDividendGrowth,ueuropean_dgi,0.0,0.0,None,Neutral,2024-12-08 12:05:19.524377,13
TheDividendGrowth,udividendportfolio dividend portfolio,0.0,0.0,None,Neutral,2024-12-08 12:05:19.524450,37
TheDividendGrowth,rallcryptobets allcryptobets,0.0,0.0,None,Neutral,2024-12-08 12:05:19.524534,28
TheDividendGrowth,rfiaustralia financial independence australia,0.0,0.0,None,Neutral,2024-12-08 12:05:19.524627,45
TheDividendGrowth,rdividendgang the better dividend investing sub,0.0,0.0,None,Neutral,2024-12-08 12:05:19.524712,47
TheDividendGrowth,unavyjoe1987 joseph,0.0,0.0,None,Neutral,2024-12-08 12:05:19.524787,19
TheDividendGrowth,rcryptocurrencytrading cryptocurrency trading,0.0,0.0,None,Neutral,2024-12-08 12:05:19.524873,45
TheDividendGrowth,rcryptocurrencyico cryptocurrency  icos  crypto news and initial coin offerings updated in real time,0.0,0.0,None,Neutral,2024-12-08 12:05:19.524961,100
TheDividendGrowth,rspotcoin spotcoin  simple liquidity,0.0,0.0,None,Neutral,2024-12-08 12:05:19.525034,36
TheDividendGrowth,rzaag zaag,0.0,0.0,None,Neutral,2024-12-08 12:05:19.525120,10
TheDividendGrowth,rcryptomars crypto mars,0.0,0.0,None,Neutral,2024-12-08 12:05:19.525204,23
TheDividendGrowth,rcryptomarsshots cryptomarsshots,0.0,0.0,None,Neutral,2024-12-08 12:05:19.525289,32
TheDividendGrowth,rzim zim,0.0,0.0,None,Neutral,2024-12-08 12:05:19.525374,8
TheDividendGrowth,rico rico,0.0,0.0,None,Neutral,2024-12-08 12:05:19.525460,9
TheDividendGrowth,rm1finance m1,0.0,0.0,None,Neutral,2024-12-08 12:05:19.525553,13
TheDividendGrowth,rshitcoinmoonshots shitcoinmoonshots,0.0,0.0,None,Positive,2024-12-08 12:05:19.525640,36
TheDividendGrowth,reconomics the dismal science,0.0,0.0,None,Neutral,2024-12-08 12:05:19.525722,29
ETFs,10000 invested in vti and vxus since 1988 with all dividends reinvested,2072.0,282.0,None,Neutral,2024-12-08 12:05:32.980382,71
ETFs,built this 787k account with just 4 etfs living off 1560month in dividends early retirement starts next year,840.0,125.0,None,Neutral,2024-12-08 12:05:32.980485,108
ETFs,so powell basically just called bitcoin worthless and will never get adopted,500.0,715.0,None,Neutral,2024-12-08 12:05:32.980581,76
ETFs,shiller pe ratio is now the highest it has ever been since the dotcom bubble and vanguard has just sent out a letter to investors that vti is no longer legally classified as a diversified fund because of single stock weighting ,198.0,96.0,None,Neutral,2024-12-08 12:05:32.980868,227
ETFs,my first 1000,130.0,23.0,None,Neutral,2024-12-08 12:05:32.980970,13
ETFs,starting today adding 100 to each monthly 20 years old look good any advice,97.0,52.0,None,Neutral,2024-12-08 12:05:32.981063,75
ETFs,enough with the good sense and responsible decisions tell me about some batshit insane etfs,81.0,91.0,None,Neutral,2024-12-08 12:05:32.981154,91
ETFs,my portfolio,81.0,41.0,None,Neutral,2024-12-08 12:05:32.981244,12
ETFs,the debate is always between voo and vti why isnt the russell 1000 ever a part of this debate,69.0,50.0,None,Negative,2024-12-08 12:05:32.981338,93
ETFs,im 37m this are my holdings and i contribute annually 40k how is look for the next 15 years ahead,61.0,60.0,None,Neutral,2024-12-08 12:05:32.981432,97
ETFs,age under 50 choose from these 3 simple and fun portfolio options cast your vote,47.0,28.0,None,Neutral,2024-12-08 12:05:32.981522,80
ETFs,need advice,49.0,36.0,None,Neutral,2024-12-08 12:05:32.981610,11
ETFs,authentic kerala banana chips  crispy fresh and delivered next day  perfect for snack time order now from the modern village,272.0,36.0,None,Neutral,2024-12-08 12:05:32.981706,124
ETFs,if you had to pick two,44.0,47.0,None,Neutral,2024-12-08 12:05:32.981797,22
ETFs,looking to invest 50000 any advice,39.0,69.0,None,Neutral,2024-12-08 12:05:32.981885,34
ETFs,proof that patience is key,41.0,10.0,None,Neutral,2024-12-08 12:05:32.981975,26
ETFs,any recommendations,34.0,60.0,None,Neutral,2024-12-08 12:05:32.982062,19
ETFs,how much money should i invest in voo,33.0,71.0,None,Neutral,2024-12-08 12:05:32.982150,37
ETFs,why invest in gold,30.0,79.0,None,Neutral,2024-12-08 12:05:32.982237,18
ETFs,voo  midsmall cap etfs vs vti alone ,29.0,43.0,None,Neutral,2024-12-08 12:05:32.982326,36
ETFs,any recommendations,27.0,35.0,None,Neutral,2024-12-08 12:05:32.982414,19
ETFs,i have 800 a month to start investing but where should i start im new to investing,22.0,55.0,None,Neutral,2024-12-08 12:05:32.982506,82
ETFs,reformed individual stock pickers  what was the last straw when you turn completely to etf investing,25.0,50.0,None,Neutral,2024-12-08 12:05:32.982598,100
ETFs,i just recently switched from trying to stock pick for the last three years to finally wising up and investing in etfs ok tear apart boys lol,20.0,48.0,None,Neutral,2024-12-08 12:05:32.982695,141
ETFs,intel ceo pat gelsinger steps down as chipmakers struggles continue,71.0,0.0,None,Neutral,2024-12-08 12:05:32.982795,67
ETFs,new to etf investing,16.0,25.0,None,Neutral,2024-12-08 12:05:32.982882,20
ETFs,opinions appreciated,18.0,30.0,None,Neutral,2024-12-08 12:05:32.982970,20
InvestingIndia,trading options in indian index  icici direct  how do you win a trade and still lose money any better way to do this thanks,0.0,4.0,None,Neutral,2024-12-08 12:05:45.476859,123
Economics,taxpayers spend 22 more per patient to support medicare advantage  the private alternative to medicare that promised to cost less,2654.0,155.0,None,Neutral,2024-12-08 12:05:58.511779,129
Economics,cloud migration  data management  book a 15 minute call today  see how cloudm can help you,71.0,0.0,None,Neutral,2024-12-08 12:05:58.511875,90
Economics,russia is speeding into a demographic crisis with a 25yearlow birth rate as the ukraine war rages on,2144.0,184.0,None,Neutral,2024-12-08 12:05:58.511967,100
Economics,china announces a ban on rare minerals to the us,1902.0,303.0,None,Neutral,2024-12-08 12:05:58.512053,48
Economics,us commercial real estate is headed toward a crisis harvard business review,1509.0,382.0,None,Neutral,2024-12-08 12:05:58.512138,75
Economics,white collar recession is structural unemployment here to stay,1459.0,439.0,None,Neutral,2024-12-08 12:05:58.512219,62
Economics,how america lost its taste for the middle,1277.0,297.0,None,Neutral,2024-12-08 12:05:58.512297,41
Economics,tariff threats will do harm even if donald trump does not impose them,1148.0,192.0,None,Neutral,2024-12-08 12:05:58.512392,69
Economics,the stock market is doing something observed just 3 times since 1871  and history is crystal clear what happens next,764.0,306.0,None,Neutral,2024-12-08 12:05:58.512479,116
Economics,trump 20 is shaping up to be a roller coaster for the stock market,756.0,169.0,None,Neutral,2024-12-08 12:05:58.512564,66
Economics,china sees sharp drop in billionaires 93 fall off the list as wealth plunges 20 in 2024,693.0,106.0,None,Neutral,2024-12-08 12:05:58.512651,87
Economics,taxpayers spend 22 more per patient to support private alternative to medicare that promised to cost less,689.0,60.0,None,Neutral,2024-12-08 12:05:58.512741,105
Economics,study from oct shows trump tax plan adversely affects low income americans,646.0,77.0,None,Neutral,2024-12-08 12:05:58.512829,74
Economics,gm to write down value of china business by more than 5bn,627.0,81.0,None,Neutral,2024-12-08 12:05:58.512912,57
Economics,is this the end of the free trade era,573.0,376.0,None,Neutral,2024-12-08 12:05:58.512992,37
Economics,when it comes to price gouging  how come no one has looked at insurance companies,558.0,123.0,None,Neutral,2024-12-08 12:05:58.513076,81
Economics,fed governor waller says he is leaning toward a december rate cut but worries about inflation,544.0,181.0,None,Neutral,2024-12-08 12:05:58.513160,93
Economics,freddie mac reports 684 mortgage rate as grant cardone warns of homeownership crisis,379.0,180.0,None,Neutral,2024-12-08 12:05:58.513246,84
Economics,tariffs under first trump term hurt us firms ny fed analysis says,379.0,40.0,None,Neutral,2024-12-08 12:05:58.513327,65
Economics,gen zs financial angst underlies shift to the right,372.0,198.0,None,Neutral,2024-12-08 12:05:58.513412,51
Economics,why americas economy is soaring ahead of its rivals  financial times,348.0,340.0,None,Neutral,2024-12-08 12:05:58.513495,68
Economics,the science behind winning a nobel prize being a man from a wealthy family,404.0,45.0,None,Neutral,2024-12-08 12:05:58.513575,74
Economics,november jobs report us economy adds 227000 jobs in november unemployment rate rises to 42 as labor markets rebound,331.0,81.0,None,Neutral,2024-12-08 12:05:58.513658,115
Economics,manufacturing is a war now,320.0,127.0,None,Neutral,2024-12-08 12:05:58.513737,26
Economics,new stock exchange aiming to offer 23hour trading set to launch in 2025,293.0,46.0,None,Neutral,2024-12-08 12:05:58.513819,71
Economics,canadas jobless rate jumps to near 8year high of 68 in november,281.0,55.0,None,Neutral,2024-12-08 12:05:58.513899,63
retirement,last day last time im doing,2212.0,316.0,None,Neutral,2024-12-08 12:06:36.821168,27
retirement,bitcoin is at all time high ready to trade in crypto  start your crypto trading journey with confidence on coindcx  learn karo crypto karo,2.0,0.0,None,Neutral,2024-12-08 12:06:36.821289,138
retirement,living small new and content in retirement,279.0,106.0,None,Neutral,2024-12-08 12:06:36.821393,42
retirement,how did you get through your last year of work,109.0,367.0,None,Neutral,2024-12-08 12:06:36.821495,46
retirement,how do you handle a car purchase in retirement,87.0,379.0,None,Neutral,2024-12-08 12:06:36.821594,46
retirement,selfhelp junkies what is your routine that keeps you excited about your life,86.0,21.0,None,Neutral,2024-12-08 12:06:36.821696,76
retirement,emergency fund amount in retirement and where is the money in kept,47.0,121.0,None,Neutral,2024-12-08 12:06:36.821796,66
retirement,what is your ira spend plan in your retirement years,25.0,101.0,None,Neutral,2024-12-08 12:06:36.821894,52
retirement,how do you balance health  restaurants as part of your retirement lifestyle,19.0,80.0,None,Neutral,2024-12-08 12:06:36.821994,75
retirement,taking unemployment before retiring,18.0,53.0,None,Neutral,2024-12-08 12:06:36.822090,35
retirement,returning to work after a year or more retired,17.0,49.0,None,Neutral,2024-12-08 12:06:36.822190,46
retirement,starting over hiring my replacement,15.0,60.0,None,Neutral,2024-12-08 12:06:36.822291,35
retirement,what activities or events are you planning for the winter months,16.0,38.0,None,Neutral,2024-12-08 12:06:36.822390,64
retirement,a uk education blends worldclass teaching an amazing student experience and boosts employability anythings possible when you study in the uk,71.0,0.0,None,Neutral,2024-12-08 12:06:36.822506,140
retirement,how do you plan for bonuslike splurges in retirement,12.0,49.0,None,Neutral,2024-12-08 12:06:36.822615,52
retirement,united healthcare medicare supplement  any decent experiences,8.0,47.0,None,Neutral,2024-12-08 12:06:36.822715,61
StockMarketIndia,got so much lucky with bse,331.0,30.0,None,Neutral,2024-12-08 12:06:49.924034,26
StockMarketIndia,wordle meets trivia play todays factle,71.0,0.0,None,Neutral,2024-12-08 12:06:49.924129,38
StockMarketIndia,definition of long term investor,200.0,9.0,None,Neutral,2024-12-08 12:06:49.924217,32
StockMarketIndia,rate my portfolio  which stock would you sell out of these and why,185.0,50.0,None,Negative,2024-12-08 12:06:49.924303,66
StockMarketIndia,what is the most you have earned in one day,145.0,84.0,None,Neutral,2024-12-08 12:06:49.924387,43
StockMarketIndia,rate my portfolio and advice ,119.0,478.0,None,Neutral,2024-12-08 12:06:49.924470,29
StockMarketIndia,my relative phupagi investment in stocks,102.0,16.0,None,Neutral,2024-12-08 12:06:49.924551,40
StockMarketIndia,rate my portfolio for longterm holding,95.0,36.0,None,Neutral,2024-12-08 12:06:49.924634,38
StockMarketIndia,exactly 1 year of investing into the market,92.0,25.0,None,Neutral,2024-12-08 12:06:49.924716,43
StockMarketIndia,nifty is behaving like crypto ,86.0,21.0,None,Neutral,2024-12-08 12:06:49.924799,30
StockMarketIndia,meme but a true one on indian finance,81.0,3.0,None,Neutral,2024-12-08 12:06:49.924881,37
StockMarketIndia,i really cooked today,74.0,16.0,None,Neutral,2024-12-08 12:06:49.924962,21
StockMarketIndia,am i cooked,68.0,116.0,None,Neutral,2024-12-08 12:06:49.925042,11
StockMarketIndia,official website in india enjoy now the exclusive games,71.0,0.0,None,Neutral,2024-12-08 12:06:49.925133,55
StockMarketIndia,what is happen,54.0,43.0,None,Neutral,2024-12-08 12:06:49.925213,14
StockMarketIndia,bank ac vs stock ac,53.0,27.0,None,Neutral,2024-12-08 12:06:49.925294,19
StockMarketIndia,rate my portfolio for next 5 years,48.0,35.0,None,Neutral,2024-12-08 12:06:49.925374,34
StockMarketIndia,umm what,47.0,14.0,None,Neutral,2024-12-08 12:06:49.925454,8
StockMarketIndia,south korea martial law impact,45.0,21.0,None,Neutral,2024-12-08 12:06:49.925535,30
StockMarketIndia,rate my portfolio 19m,39.0,29.0,None,Neutral,2024-12-08 12:06:49.925616,21
StockMarketIndia,how fud i am ,38.0,69.0,None,Neutral,2024-12-08 12:06:49.925698,13
StockMarketIndia,what do you guys think,39.0,25.0,None,Neutral,2024-12-08 12:06:49.925778,22
StockMarketIndia,will gdp affect market tomorrow,36.0,50.0,None,Neutral,2024-12-08 12:06:49.925859,31
StockMarketIndia,i planned to double but nvm,34.0,3.0,None,Neutral,2024-12-08 12:06:49.925939,27
StockMarketIndia,will it hit 600 in two months,32.0,33.0,None,Neutral,2024-12-08 12:06:49.926020,29
StockMarketIndia,rate my portfolio,32.0,39.0,None,Neutral,2024-12-08 12:06:49.926100,17
StockMarketIndia,nifty50 expiry today,28.0,2.0,None,Neutral,2024-12-08 12:06:49.926180,20
StockAnalysis,alibaba update lowering our fair value estimate due to cloud unit disclosures and increased uncertainty,1.0,0.0,None,Neutral,2024-12-08 12:07:15.678377,103
microcapstocks,wfld  realistic assessment of wellfield technologies,0.0,0.0,$WFLD,Neutral,2024-12-08 12:07:28.622965,52
spacs,ama43  ftacfld bitcoin financial services firm w betsy cohen  will reeves ceo,8.0,9.0,"$FTAC, $FLD",Neutral,2024-12-08 12:07:41.891821,77
spacs,taken down by his own consciouslmao,71.0,0.0,None,Neutral,2024-12-08 12:07:41.891957,35
spacs,ionq unveils its first quantum computer in europe online now at a record aq36,6.0,2.0,None,Neutral,2024-12-08 12:07:41.892078,77
spacs,announcements x daily discussion for wednesday december 04 2024,3.0,10.0,None,Neutral,2024-12-08 12:07:41.892194,63
spacs,announcements x daily discussion for tuesday december 03 2024,4.0,18.0,None,Neutral,2024-12-08 12:07:41.892310,61
spacs,announcements x daily discussion for monday december 02 2024,2.0,24.0,None,Neutral,2024-12-08 12:07:41.892425,60
spacs,announcements x daily discussion for friday december 06 2024,2.0,20.0,None,Neutral,2024-12-08 12:07:41.892540,60
spacs,spac trust account withdrawals and tax receivables an overlooked opportunity,2.0,3.0,None,Positive,2024-12-08 12:07:41.892658,76
spacs,announcements x daily discussion for weekend of december 07 2024,1.0,6.0,None,Neutral,2024-12-08 12:07:41.892774,64
spacs,lotus tech ready for a rebound,1.0,0.0,None,Neutral,2024-12-08 12:07:41.892887,30
spacs,evtl 2x warrant dilutiion,1.0,12.0,None,Neutral,2024-12-08 12:07:41.893000,25
spacs,announcements x daily discussion for thursday december 05 2024,1.0,14.0,None,Neutral,2024-12-08 12:07:41.893115,62
CryptoCurrencyTrading,dwf labs unveils 20m investment fund for meme coin innovators,39.0,10.0,None,Neutral,2024-12-08 12:07:54.772689,61
CryptoCurrencyTrading,ai crypto projects by revenue how does origintrail trac compare,38.0,19.0,$TRAC,Neutral,2024-12-08 12:07:54.772816,63
CryptoCurrencyTrading,ai projects with real revenue,16.0,4.0,None,Neutral,2024-12-08 12:07:54.772936,29
CryptoCurrencyTrading,what is xrp and what is elon musks relation with ripple,6.0,2.0,None,Neutral,2024-12-08 12:07:54.773058,55
CryptoCurrencyTrading,who are the experts,4.0,4.0,None,Neutral,2024-12-08 12:07:54.773171,19
CryptoCurrencyTrading,take five crypto gain europe pain,2.0,0.0,None,Positive,2024-12-08 12:07:54.773287,33
CryptoCurrencyTrading,the month bitcoin shattered records  dive into the bitcoin report,2.0,0.0,None,Neutral,2024-12-08 12:07:54.773406,65
CryptoCurrencyTrading,crypto kingpin alex mashinsky pleads guilty,2.0,0.0,None,Neutral,2024-12-08 12:07:54.773521,43
CryptoCurrencyTrading,xrp holders does this breakdown bother you,2.0,5.0,None,Neutral,2024-12-08 12:07:54.773634,42
CryptoCurrencyTrading,inside charles hoskinsons quantum hosky project,2.0,0.0,None,Neutral,2024-12-08 12:07:54.773750,47
CryptoCurrencyTrading,is there a better way to analyze crypto tokens my journey with pe ratios in crypto investments,1.0,2.0,None,Neutral,2024-12-08 12:07:54.773869,94
CryptoCurrencyTrading,grimezai confirmed as ai16z dao contributor ai16z ceo previously worked with grimes could get interesting,1.0,0.0,$GRIME,Neutral,2024-12-08 12:07:54.773989,105
CryptoCurrencyTrading,cryptocurrencytrading,1.0,0.0,None,Neutral,2024-12-08 12:07:54.774101,21
CryptoCurrencyTrading,mikawa inu shikoku keeps going higher,0.0,1.0,None,Neutral,2024-12-08 12:07:54.774218,37
CryptoCurrencyTrading,who wants to become a trading partner,0.0,8.0,None,Neutral,2024-12-08 12:07:54.774332,37
mutualfunds,my portfolio at 23 years old,1104.0,139.0,None,Neutral,2024-12-08 12:08:20.194826,28
mutualfunds,another personal milestone reached 10l,567.0,74.0,None,Neutral,2024-12-08 12:08:20.194967,38
mutualfunds,been warning everyone chasing active midcap,319.0,76.0,None,Neutral,2024-12-08 12:08:20.195063,43
mutualfunds,roast my mf sips,105.0,32.0,None,Neutral,2024-12-08 12:08:20.195153,16
mutualfunds,heres why smallcap 250 is trash,99.0,17.0,None,Neutral,2024-12-08 12:08:20.195248,31
mutualfunds,reached a small milestone,95.0,24.0,None,Neutral,2024-12-08 12:08:20.195341,25
mutualfunds,rate my investments,86.0,15.0,None,Neutral,2024-12-08 12:08:20.195430,19
mutualfunds,my 25 year old portfolio,81.0,41.0,None,Neutral,2024-12-08 12:08:20.195525,24
mutualfunds,my portfolio is reaching 30l this month swipe left to see my sips what improvements would you suggest,78.0,44.0,None,Neutral,2024-12-08 12:08:20.195620,101
mutualfunds,why is parag parikh flexi cap fund so popular on reddit there are quite a few strong and historically better perfomers that are going unnoticed am i missing comething crucial,76.0,52.0,None,Neutral,2024-12-08 12:08:20.195716,174
mutualfunds,10l milestone,62.0,15.0,None,Neutral,2024-12-08 12:08:20.195807,13
mutualfunds,my portfolio at 28y,51.0,2.0,None,Neutral,2024-12-08 12:08:20.195902,19
mutualfunds,fund in dematfolio,48.0,32.0,None,Neutral,2024-12-08 12:08:20.195992,18
mutualfunds,i have 10 lakh to invest,49.0,55.0,None,Neutral,2024-12-08 12:08:20.196081,24
mutualfunds,is it okay to keep all your savings in mutual funds,46.0,21.0,None,Neutral,2024-12-08 12:08:20.196171,51
mutualfunds,financial freedom goal,44.0,10.0,None,Neutral,2024-12-08 12:08:20.196264,22
mutualfunds,motilal oswal mdcap and ppfc funds in every other reddit ops dashboard,45.0,31.0,None,Neutral,2024-12-08 12:08:20.196359,70
mutualfunds,et money update,39.0,45.0,None,Neutral,2024-12-08 12:08:20.196448,15
mutualfunds,first time everythings green ,34.0,15.0,None,Neutral,2024-12-08 12:08:20.197271,29
mutualfunds,my portfolio after 25 years of investing,36.0,15.0,None,Neutral,2024-12-08 12:08:20.197371,40
mutualfunds,updated my sips,33.0,18.0,None,Neutral,2024-12-08 12:08:20.197459,15
mutualfunds,annual lumpsum  10 nifty 50 drawdown vs monthly sip,34.0,10.0,None,Neutral,2024-12-08 12:08:20.197551,51
mutualfunds,my mutual funds journey,30.0,27.0,None,Neutral,2024-12-08 12:08:20.197640,23
mutualfunds,are there some factors that most people ignore about sip,30.0,25.0,None,Neutral,2024-12-08 12:08:20.197732,56
mutualfunds,why dont people here not suggesting motilal sp 500 with volatile indian market isnt it much better,28.0,18.0,None,Neutral,2024-12-08 12:08:20.197831,98
HFT,how to join a hft firm,1.0,2.0,None,Neutral,2024-12-08 12:08:32.757847,22
