subreddit,title,upvotes,comments,stock_tickers,sentiment,timestamp
investing,Is dumping $230K in the S&P at once a bad idea?,860,884 comments,N/A,Negative,2024-12-08 12:01:26.490308
investing,Bitcoin is at all time High! Ready to Trade in Crypto? üíπ Start your Crypto Trading journey with confidence on CoinDCX! üöÄ Learn Karo. Crypto Karo.,2,comment,N/A,Neutral,2024-12-08 12:01:26.491294
investing,Does this time remind you of the dot-com era?,568,566 comments,N/A,Neutral,2024-12-08 12:01:26.491398
investing,Warren Buffet is holding records amount of cash in t-bills right now. Is that a good strategy?,266,205 comments,N/A,Neutral,2024-12-08 12:01:26.491485
investing,The surprisingly negative sentiment in Europe towards S&P500 compared to FTSE All-World,187,199 comments,N/A,Neutral,2024-12-08 12:01:26.491571
investing,Barrons: Intel CEO Gelsinger Retires. The Stock Is Gaining.,157,58 comments,N/A,Positive,2024-12-08 12:01:26.491649
investing,What are your favourite investment YouTube channels?,141,123 comments,N/A,Neutral,2024-12-08 12:01:26.491728
investing,How much (%) of your net worth do you keep invested?,131,384 comments,N/A,Neutral,2024-12-08 12:01:26.491810
investing,Wild Investigation of Finfluencer Sponsors by The Plain Bagel,127,19 comments,N/A,Neutral,2024-12-08 12:01:26.491888
investing,"Opinions on If Trump policy is to increase domestic domestic oil production and reduce regulations, wouldn't it increase supply and not necessarily demand, thus lowering prices and lowering gas company stock value?",123,166 comments,N/A,Neutral,2024-12-08 12:01:26.491974
investing,My biggest fear for 2025 is declines becoming contagious if one part of the economy hiccups,119,107 comments,N/A,Neutral,2024-12-08 12:01:26.492055
investing,Do I have time to obtain wealth? What do I need to do?,110,89 comments,N/A,Neutral,2024-12-08 12:01:26.492135
investing,Is there any reason to be invested in a Target-Date fund vs a total stock market index (401k)?,92,61 comments,N/A,Neutral,2024-12-08 12:01:26.492217
investing,Never miss another trade! Accurate trading signals. 7-day free trial.,2460,0,N/A,Neutral,2024-12-08 12:01:26.492312
investing,"3 years old, autistic. Wanting to make sure he‚Äôs financially secure",74,35 comments,N/A,Neutral,2024-12-08 12:01:26.492396
investing,Starting from ground 0 and all of this is quite overwhelming.,67,91 comments,N/A,Neutral,2024-12-08 12:01:26.492471
investing,Are there big downsides to an HSA?,46,135 comments,N/A,Neutral,2024-12-08 12:01:26.492543
investing,How to Buy Property in Portugal ‚Äì Best Places to Invest,37,74 comments,N/A,Positive,2024-12-08 12:01:26.492616
investing,At what point is it worth taking short term capital gains tax?,35,49 comments,N/A,Positive,2024-12-08 12:01:26.492690
investing,Suddenly inherited 100k at 20. Is it a bad idea to combine s&p500 and emerging markets and ignore all world?,38,67 comments,N/A,Neutral,2024-12-08 12:01:26.492765
investing,Should I convert my 401k to IRA/Roth IRA,21,32 comments,N/A,Neutral,2024-12-08 12:01:26.492836
investing,What's your asset allocation and how old are you?,22,154 comments,N/A,Neutral,2024-12-08 12:01:26.492907
investing,Have you ever been stopped by someone asking what your investing looks like?,20,45 comments,N/A,Neutral,2024-12-08 12:01:26.492980
investing,Can you sell a T-Bill on a treasury market before it matures without any losses?,22,18 comments,N/A,Negative,2024-12-08 12:01:26.493053
investing,Quantum Computing as Long Term Investing,18,44 comments,N/A,Neutral,2024-12-08 12:01:26.493124
investing,Harness the power of macroeconomic shifts and strategize with around-the-clock trading with Micro FX futures,‚Ä¢,0,N/A,Neutral,2024-12-08 12:01:26.493215
investing,How do you decide what type of investor you are?,15,61 comments,N/A,Neutral,2024-12-08 12:01:26.493287
investing,Question about Fidelity....,17,7 comments,N/A,Neutral,2024-12-08 12:01:26.493356
stocks,Tesla CEO Elon Musk loses bid to get $56 billion pay package reinstated,5557,785 comments,N/A,Neutral,2024-12-08 12:01:39.188929
stocks,Intel CEO Pat Gelsinger retires,698,226 comments,N/A,Neutral,2024-12-08 12:01:39.189012
stocks,ACHR - collapse why?,693,433 comments,N/A,Neutral,2024-12-08 12:01:39.189092
stocks,Many stocks still down 50-90% from 2021 highs.,563,324 comments,N/A,Neutral,2024-12-08 12:01:39.189172
stocks,Is anyone else a little concerned about this market jump up?,554,465 comments,N/A,Neutral,2024-12-08 12:01:39.189252
stocks,Rivian's potential $6.6 billion DoE loan catches eye of Musk-Ramaswamy's DOGE,493,164 comments,N/A,Neutral,2024-12-08 12:01:39.189333
stocks,Expected returns have gotten insane.,477,159 comments,N/A,Neutral,2024-12-08 12:01:39.189411
stocks,Do you guys believe we are in the beginning of ‚Äúthe great melt up‚Äù or that a recession is coming in the somewhat near future ?,322,634 comments,N/A,Neutral,2024-12-08 12:01:39.189502
stocks,$PLTR where is the value?,319,371 comments,$PLTR,Neutral,2024-12-08 12:01:39.189582
stocks,"Waymo to expand to Miami, aims to launch robotaxi service there in 2026",309,115 comments,N/A,Neutral,2024-12-08 12:01:39.189663
stocks,Meta Announces $10 Billion Data Center in Louisiana,299,152 comments,N/A,Neutral,2024-12-08 12:01:39.189744
stocks,Stellantis CEO resignes (Is fired),242,99 comments,N/A,Neutral,2024-12-08 12:01:39.189822
stocks,Super Micro Computer pops 15% after special committee finds no ‚Äòevidence of misconduct‚Äô,220,74 comments,N/A,Neutral,2024-12-08 12:01:39.189904
stocks,When do you take the money?,221,306 comments,N/A,Neutral,2024-12-08 12:01:39.189986
stocks,TSMC in talks with Nvidia for AI chip production in Arizona,208,32 comments,N/A,Neutral,2024-12-08 12:01:39.190064
stocks,Amazon sued by DC attorney general for allegedly excluding neighborhoods from Prime delivery,207,135 comments,N/A,Neutral,2024-12-08 12:01:39.190144
stocks,Decades of Backtesting: Insights That Changed How I Invest,186,72 comments,N/A,Neutral,2024-12-08 12:01:39.190224
stocks,Name a large-cap stock and its small-cap competitor,175,107 comments,N/A,Neutral,2024-12-08 12:01:39.190303
stocks,Gelsinger's push into software and edge computing was 80% of my faith in the Intel LEAPs I'm holding; anyone able to offer some insight?,123,99 comments,N/A,Neutral,2024-12-08 12:01:39.190388
stocks,"Intel‚Äôs CEO shakeup puts foundry plans, CHIPS Act cash at risk",121,51 comments,N/A,Negative,2024-12-08 12:01:39.190469
stocks,"November's job report shows that nonfarm payrolls are better than expected, with a minimal slight rise in the expected unemployment rate.",105,66 comments,N/A,Neutral,2024-12-08 12:01:39.190554
stocks,Palantir Granted FedRAMP High Baseline Authorization,108,23 comments,N/A,Neutral,2024-12-08 12:01:39.190631
stocks,"Playing the TikTok possible ban (META, SNAP, GOOG)",87,77 comments,N/A,Neutral,2024-12-08 12:01:39.190709
stocks,Portfolio Wrapped 2024,86,65 comments,N/A,Neutral,2024-12-08 12:01:39.190786
stocks,Whats going on with the french index?,70,35 comments,N/A,Neutral,2024-12-08 12:01:39.190864
wallstreetbets,"My Uber driver just checked his portfolio, should I leave?",41.2k,1015 comments,N/A,Neutral,2024-12-08 12:01:52.545918
wallstreetbets,"""CEO gets gunned down in the street outside an investor conference. Wow, I bet that's going to really destroy the stock price""",36.1k,2293 comments,N/A,Neutral,2024-12-08 12:01:52.546020
wallstreetbets,Tried to gamble my way out of debt - Didn‚Äôt work :(,25.9k,2501 comments,N/A,Neutral,2024-12-08 12:01:52.546108
wallstreetbets,I‚Äôve lost it all,10.5k,3834 comments,N/A,Neutral,2024-12-08 12:01:52.546191
wallstreetbets,"80k to 888k in about 1.5 years, leveraging with margin",8714,800 comments,N/A,Neutral,2024-12-08 12:01:52.546275
wallstreetbets,It. happened,7065,776 comments,N/A,Neutral,2024-12-08 12:01:52.546357
wallstreetbets,Bought Bitcoin in 2017 for about 3k I sent it to a different wallet then back to Coinbase and is now above 100k literally turned 3k into 100,5883,446 comments,N/A,Neutral,2024-12-08 12:01:52.546444
wallstreetbets,"The mother of all bubbles. The US has never been so overhyped, relative to the rest of the world",5440,896 comments,N/A,Neutral,2024-12-08 12:01:52.546529
wallstreetbets,Musk Record Tesla Pay Package Rejected Again by Delaware Judge,5007,783 comments,N/A,Positive,2024-12-08 12:01:52.546612
wallstreetbets,"Fired my old fart financial advisor, stopped swing trading, started taking profits, started buying the dip (almost no options)",4782,527 comments,N/A,Positive,2024-12-08 12:01:52.546700
wallstreetbets,Duality of Man,4491,83 comments,N/A,Neutral,2024-12-08 12:01:52.546780
wallstreetbets,600K GAIN IN ONE MONTH,4266,492 comments,N/A,Positive,2024-12-08 12:01:52.546864
wallstreetbets,"Make $250/hour or $3,000 per study with remote, online research work‚Äîjoin today!",‚Ä¢,0,N/A,Neutral,2024-12-08 12:01:52.546956
wallstreetbets,Robinhood getting in on the dead CEO jokes tonight,4239,129 comments,N/A,Neutral,2024-12-08 12:01:52.547039
wallstreetbets,Is this how it ends? 1k to 1M back to 20k trading (150k still in checkings) Final Hurrah,4156,1611 comments,N/A,Neutral,2024-12-08 12:01:52.547123
wallstreetbets,"FDA may outlaw food dyes ‚Äòwithin weeks‚Äô: Bombshell move would affect candy, soda and cakes, revolutionize American diets",4109,509 comments,N/A,Neutral,2024-12-08 12:01:52.547210
wallstreetbets,Jacked to the tits on puts - If NASDAQ is red tomorrow I'm 100% booking a porn star,3398,939 comments,N/A,Neutral,2024-12-08 12:01:52.547294
wallstreetbets,McDonalds ($MCD) trades like a McDonalds,3242,105 comments,$MCD,Neutral,2024-12-08 12:01:52.547375
wallstreetbets,"MicroStrategy has acquired 15,400 BTC for ~$1.5 billion",3156,474 comments,N/A,Neutral,2024-12-08 12:01:52.547457
wallstreetbets,"Collecting unemployment, sitting here between my girlfriend's two cats while she's at work. Fuckin' worthless",2964,841 comments,N/A,Neutral,2024-12-08 12:01:52.547542
wallstreetbets,"NVDA is best performing stock over last 5,10,15 & 20 years",2785,373 comments,N/A,Neutral,2024-12-08 12:01:52.547624
wallstreetbets,Which one of you regards writes for Forbes?,2557,173 comments,N/A,Neutral,2024-12-08 12:01:52.547706
wallstreetbets,"Congrats guys, $PLTR now trades at 420x trailing ebitda",2475,425 comments,$PLTR,Neutral,2024-12-08 12:01:52.547792
wallstreetbets,Life savings gone. Years of work wasted,2140,774 comments,N/A,Neutral,2024-12-08 12:01:52.547874
wallstreetbets,Intel Announces Retirement of CEO Pat Gelsinger,2049,344 comments,N/A,Neutral,2024-12-08 12:01:52.547956
wallstreetbets,"South Korean stocks down 6% today on South Korea declaring martial law, buy the dip",2023,387 comments,N/A,Positive,2024-12-08 12:01:52.548039
stockmarket,My Apple stock hit $100k,4953,183 comments,N/A,Neutral,2024-12-08 12:02:05.881863
stockmarket,Bitcoin is at all time High! Ready to Trade in Crypto? üíπ Start your Crypto Trading journey with confidence on CoinDCX! üöÄ Learn Karo. Crypto Karo.,2,comment,N/A,Neutral,2024-12-08 12:02:05.881961
stockmarket,Tesla loses bid to restore Elon Musk's $56bn pay package,920,583 comments,N/A,Neutral,2024-12-08 12:02:05.882048
stockmarket,Any ideas on when to exit? This is getting crazy,848,556 comments,N/A,Neutral,2024-12-08 12:02:05.882133
stockmarket,"I know it‚Äôs not much, but I took my first step into investing!",591,65 comments,N/A,Neutral,2024-12-08 12:02:05.882221
stockmarket,Do you ever wish you had the balls to buy more than what you did?,389,180 comments,N/A,Positive,2024-12-08 12:02:05.882308
stockmarket,Time in the market beats timing the market. Ignore the noise and let it cook.,198,36 comments,N/A,Neutral,2024-12-08 12:02:05.882393
stockmarket,"Don‚Äôt bash me but trying to learn stocks, this is what I have so far",178,126 comments,N/A,Neutral,2024-12-08 12:02:05.882481
stockmarket,Is it too risky to enter the market at this time?,69,238 comments,N/A,Negative,2024-12-08 12:02:05.882562
stockmarket,If only I had the cojones‚Ä¶.,65,20 comments,N/A,Neutral,2024-12-08 12:02:05.882645
stockmarket,If you aren‚Äôt having fun in the Yahoo Finance forum you‚Äôre not truly enjoying the stocks. So much drama and infighting!,43,13 comments,N/A,Neutral,2024-12-08 12:02:05.882737
stockmarket,Hoping to reach 22k in my portfolio and I‚Äôm out‚Ä¶ completing the down payment for a house. What you think?,31,89 comments,N/A,Neutral,2024-12-08 12:02:05.882824
stockmarket,Tesla fever,26,54 comments,N/A,Neutral,2024-12-08 12:02:05.882911
stockmarket,Never miss another trade! Accurate trading signals. 7-day free trial.,2459,0,N/A,Neutral,2024-12-08 12:02:05.883001
stockmarket,How to you chose a stock?,29,43 comments,N/A,Neutral,2024-12-08 12:02:05.883084
stockmarket,These are the stocks on my watchlist (12/4),23,4 comments,N/A,Neutral,2024-12-08 12:02:05.883165
stockmarket,Capital gains loophole question,22,30 comments,N/A,Positive,2024-12-08 12:02:05.883245
stockmarket,These are the stocks on my watchlist (12/3),17,20 comments,N/A,Neutral,2024-12-08 12:02:05.883327
stockmarket,These are the stocks on my watchlist (12/6),13,15 comments,N/A,Neutral,2024-12-08 12:02:05.883407
stockmarket,A short critique of Ray Dalio,11,8 comments,N/A,Neutral,2024-12-08 12:02:05.883487
stockmarket,SAVA thoughts?,12,13 comments,N/A,Neutral,2024-12-08 12:02:05.883568
stockmarket,Looking at Japan‚Äôs Mineral Discovery and the Effect on EV and Chip Stocks,11,8 comments,N/A,Neutral,2024-12-08 12:02:05.883652
stockmarket,These are the stocks on my watchlist (12/2),9,8 comments,N/A,Neutral,2024-12-08 12:02:05.883732
stockmarket,Seeking Feedback on My 200k Investment Strategy at 24,8,36 comments,N/A,Neutral,2024-12-08 12:02:05.883815
stockmarket,Raytheon awarded 1.3 Billion Navy / DOD contract just now $RTX,8,2 comments,$RTX,Neutral,2024-12-08 12:02:05.883897
stockmarket,"‚ÄúDelight in Bombay Halwa üç¨ Soft, chewy, and bursting with authentic flavors. Freshly made and delivered next day! üöö Order now from The Modern Village!‚Äù",‚Ä¢,6 comments,N/A,Neutral,2024-12-08 12:02:05.884798
stockmarket,Devon Energy - checking if I am missing anything,6,5 comments,N/A,Neutral,2024-12-08 12:02:05.884890
stockmarket,Anyone else buying the NU dip?,4,34 comments,N/A,Positive,2024-12-08 12:02:05.884975
finance,Powell says he‚Äôs not worried about the Fed losing its independence under Trump,1178,107 comments,N/A,Neutral,2024-12-08 12:02:18.460930
finance,Bitcoin is at all time High! Ready to Trade in Crypto? üíπ Start your Crypto Trading journey with confidence on CoinDCX! üöÄ Learn Karo. Crypto Karo.,2,comment,N/A,Neutral,2024-12-08 12:02:18.461063
finance,Tesla CEO Elon Musk loses bid to get $56 billion pay package reinstated,1019,111 comments,N/A,Neutral,2024-12-08 12:02:18.461182
finance,Unchecked corporate pricing power is a factor in US inflation,852,156 comments,N/A,Neutral,2024-12-08 12:02:18.461297
finance,"Art Cashin, New York Stock Exchange fixture for decades, dies at age 83",27,11 comments,N/A,Neutral,2024-12-08 12:02:18.461411
finance,"/u/Goopyteacher explains how the ""health insurance"" mafia has manipulated the market for healthcare to continually jack up prices",18,comment,N/A,Neutral,2024-12-08 12:02:18.461530
finance,"Moronic Monday - December 02, 2024 - Your Weekly Questions Thread",1,12 comments,N/A,Neutral,2024-12-08 12:02:18.461644
cryptocurrency,Hawk Tuah Girl responds as people call for her to be jailed with fans 'losing life savings' after buying her cryptocurrency,27.5k,4985 comments,N/A,Positive,2024-12-08 12:02:56.496272
cryptocurrency,Bitcoin is at all time High! Ready to Trade in Crypto? üíπ Start your Crypto Trading journey with confidence on CoinDCX! üöÄ Learn Karo. Crypto Karo.,2,comment,N/A,Neutral,2024-12-08 12:02:56.496368
cryptocurrency,On February 9th 2011 Bitcoin first touched $1. Less than 14 years later Bitcoin has surpassed $100k. An increase of 10 Million percent.,7721,487 comments,N/A,Neutral,2024-12-08 12:02:56.496460
cryptocurrency,Hawk Tuah Girl is being investigated by law firms over possible lawsuit as fans 'lose life savings' after buying her cryptocurrency,6546,768 comments,N/A,Positive,2024-12-08 12:02:56.496549
cryptocurrency,Bitcoins Officially Hits $100.000 For The First Time Ever,3863,500 comments,N/A,Neutral,2024-12-08 12:02:56.496634
cryptocurrency,"Man narrows landfill search for $771 million Bitcoin hard drive with ""finely tuned"" plan",3508,574 comments,N/A,Neutral,2024-12-08 12:02:56.496720
cryptocurrency,"The Hawk Tuah Girl Committed a Horrible Crime: Not Calling Her Crypto ""Spitcoin""",2757,207 comments,N/A,Neutral,2024-12-08 12:02:56.496806
cryptocurrency,"In 2018 on Hitbtc i purchased many different coins, including 2000 DogeCoins and was going to get them out in 10 years. Hitbtc took them all.",2124,493 comments,N/A,Neutral,2024-12-08 12:02:56.496896
cryptocurrency,"US gov told banks to suppress crypto, Coinbase documents show",1838,207 comments,N/A,Neutral,2024-12-08 12:02:56.496982
cryptocurrency,Bitcoin sudden drop to $93K wipes out $303M of longs within minutes,1824,205 comments,N/A,Neutral,2024-12-08 12:02:56.497069
cryptocurrency,"U.S. Government has started to move $33.6M worth of ETH, BUSD, SHIB and other coins to a New Wallet, they also continue to hold mammoth of 198.1k BTC ($18.92B).",1647,369 comments,N/A,Neutral,2024-12-08 12:02:56.497161
cryptocurrency,The famous Hawk Tuah girl Haliey Welch‚Äôs HAWK memecoin has sparked controversy as its price dumps over 90% within hours. One of the key reasons behind HAWK price crashing was a finding of alleged snipers and insiders.,1556,345 comments,N/A,Negative,2024-12-08 12:02:56.497258
cryptocurrency,"Beware of these Youtubers, their top comments are all bots.",1549,242 comments,N/A,Neutral,2024-12-08 12:02:56.497344
cryptocurrency,Never miss another trade! Accurate trading signals. 7-day free trial.,2464,0,N/A,Neutral,2024-12-08 12:02:56.497435
cryptocurrency,$5.34 Billion in Bitcoin Withdrawn from Exchanges in 72 Hours,1531,162 comments,N/A,Neutral,2024-12-08 12:02:56.497519
cryptocurrency,Donald Trump officially selects pro-crypto Paul Atkins to replace Gary Gensler as SEC Chair,1515,187 comments,N/A,Neutral,2024-12-08 12:02:56.497605
cryptocurrency,We need to have a serious talk about Marketcaps.,1399,712 comments,N/A,Neutral,2024-12-08 12:02:56.497683
cryptocurrency,"Dormant Bitcoin Whale transfers 2,700 BTC, he received bitcoins back in 2013 when price was only $625, the current value skyrocketed to $277M almost 15,300% gain.",1305,210 comments,N/A,Positive,2024-12-08 12:02:56.497765
cryptocurrency,"Bitcoin crashes to $62,000 on Upbit after South Korea enacts emergency martial law",1288,158 comments,N/A,Negative,2024-12-08 12:02:56.497844
cryptocurrency,"MicroStrategy has Acquired Another 15,400 BTC for $1.5 Billion. They Now hold 402,100 BTC Acquired for $23.4 Billion, Saylor quotes ‚ÄúThe only thing better than Bitcoin is more Bitcoin‚Äù.",1239,252 comments,N/A,Neutral,2024-12-08 12:02:56.497929
cryptocurrency,"ETH Price Hits 9-Month High, Surpasses $4,000 Mark",1232,219 comments,N/A,Neutral,2024-12-08 12:02:56.498007
cryptocurrency,US Government Transfers Bitcoin Worth $2 billion to Coinbase,1165,159 comments,N/A,Neutral,2024-12-08 12:02:56.498085
cryptocurrency,"Always remember, we ain't sheep. We know what's coming.",1114,728 comments,N/A,Neutral,2024-12-08 12:02:56.498161
cryptocurrency,Is today the day of Q4 2021?,1110,127 comments,N/A,Neutral,2024-12-08 12:02:56.498238
cryptocurrency,"""Who's Laughing Now?"" - NYC Mayor Received Bitcoin Paychecks and Says ""We Should Not Be Afraid of Bitcoin""",1109,186 comments,N/A,Neutral,2024-12-08 12:02:56.498318
cryptocurrency,"Trust a stranger, or trust world-class security and 10+ years of experience.",‚Ä¢,0,N/A,Neutral,2024-12-08 12:02:56.498400
cryptocurrency,This Altcoin season is going to make some rich and some cry like babies in the end.,1102,559 comments,N/A,Neutral,2024-12-08 12:02:56.498478
cryptocurrency,"XRP becomes world's third-largest crypto, overtakes Tether‚Äôs USDT in market cap",1022,309 comments,N/A,Neutral,2024-12-08 12:02:56.498557
algo_trading,The most profitable strategy on earth.,0,comment,N/A,Positive,2024-12-08 12:03:08.998801
valueinvesting,BTC hits 100k while the Graham approach is at an absolute low,677,515 comments,N/A,Neutral,2024-12-08 12:03:22.535008
valueinvesting,"The ""Mother of All Bubbles"": US Markets in an Unprecedented Hype Cycle",653,256 comments,N/A,Neutral,2024-12-08 12:03:22.535281
valueinvesting,For those that think the market is overvalued based on historical norms...,212,212 comments,N/A,Neutral,2024-12-08 12:03:22.535368
valueinvesting,Peter Lynch is the real deal.,191,66 comments,N/A,Neutral,2024-12-08 12:03:22.535454
valueinvesting,How do you remain sane in an insane market?,140,103 comments,N/A,Neutral,2024-12-08 12:03:22.535537
valueinvesting,Which stock is your biggest regret for not purchasing when you had the chance but thought otherwise?,99,318 comments,N/A,Neutral,2024-12-08 12:03:22.535629
valueinvesting,What has worked for me in Investing.,94,31 comments,N/A,Neutral,2024-12-08 12:03:22.535713
valueinvesting,Michael Burry went all in on China and Baba,79,94 comments,N/A,Neutral,2024-12-08 12:03:22.535796
valueinvesting,"Which stocks are you keeping an eye on for a potential price drop, and by what percentage would they need to dip before you‚Äôd consider buying?",76,162 comments,N/A,Positive,2024-12-08 12:03:22.535889
valueinvesting,Share an example of when you ‚Äúbought the dip‚Äù and it paid off?,79,283 comments,N/A,Neutral,2024-12-08 12:03:22.535976
valueinvesting,Best small cap value stocks right now?,68,159 comments,N/A,Neutral,2024-12-08 12:03:22.536058
valueinvesting,What do you think about $RDDT,65,140 comments,$RDDT,Neutral,2024-12-08 12:03:22.536144
valueinvesting,Uber and Lyft were hit hard today due to waymo expansion in Miami. So why is GOOGL also dropping?,61,75 comments,N/A,Neutral,2024-12-08 12:03:22.536236
valueinvesting,Seeking your thoughts on my Google investment,57,88 comments,N/A,Neutral,2024-12-08 12:03:22.536319
valueinvesting,"24 undervalued stocks in the S&P-500, NASDAQ-100, and DOW-30. Your Weekly Guide (01 December 2024) - maybe of interest!",47,13 comments,N/A,Neutral,2024-12-08 12:03:22.536405
valueinvesting,Worng answers only - The stock that will outperform in 2025,45,217 comments,N/A,Neutral,2024-12-08 12:03:22.536488
valueinvesting,"Intel - Buy, Sell, Hold ? - following CEO ouster.",46,113 comments,N/A,Neutral,2024-12-08 12:03:22.536573
valueinvesting,Overlooked sectors going into 2025,47,99 comments,N/A,Neutral,2024-12-08 12:03:22.536655
valueinvesting,Value stocks are stocks that are currently trading at a price lower than their actual intrinsic price.,46,20 comments,N/A,Neutral,2024-12-08 12:03:22.536741
valueinvesting,"If you are invested in individual stocks and didn‚Äôt overpay for them, you should not worry about the overall stock market.",45,5 comments,N/A,Neutral,2024-12-08 12:03:22.536833
valueinvesting,"Starting with an S&P index and then deleting the companies, you don‚Äôt like?",44,72 comments,N/A,Neutral,2024-12-08 12:03:22.536925
valueinvesting,The US and the global markets are overvalued,40,244 comments,N/A,Neutral,2024-12-08 12:03:22.537008
valueinvesting,"Cheer Holding (CHR): Market cap $29M, buyback $50M",40,78 comments,N/A,Positive,2024-12-08 12:03:22.537092
valueinvesting,"Make $250/hour or $3,000 per study with remote, online research work‚Äîjoin today!",‚Ä¢,0,N/A,Neutral,2024-12-08 12:03:22.537189
valueinvesting,Seeking your best value picks + Trump presidency potential,32,127 comments,N/A,Neutral,2024-12-08 12:03:22.537276
valueinvesting,Raytheon awarded 1.3 Billion Navy / DOD contract just now $RTX,30,15 comments,$RTX,Neutral,2024-12-08 12:03:22.537366
dividends,22M Just cracked $300 Annual!,914,96 comments,N/A,Neutral,2024-12-08 12:03:35.605068
dividends,10K a year milestone,611,80 comments,N/A,Neutral,2024-12-08 12:03:35.605190
dividends,Bitcoin is at all time High! Ready to Trade in Crypto? üíπ Start your Crypto Trading journey with confidence on CoinDCX! üöÄ Learn Karo. Crypto Karo.,2,comment,N/A,Neutral,2024-12-08 12:03:35.605362
dividends,"Well, dividends keep me afloat..",438,204 comments,N/A,Neutral,2024-12-08 12:03:35.605440
dividends,Just hit 1k dividends!,259,32 comments,N/A,Neutral,2024-12-08 12:03:35.605516
dividends,I‚Äôm at least 20 years away from retiring.,240,72 comments,N/A,Neutral,2024-12-08 12:03:35.605593
dividends,4 Years of Dividend Reinvestment,196,62 comments,N/A,Neutral,2024-12-08 12:03:35.605667
dividends,28M. Military Officer living overseas. Just hit 250k net worth. Mint is dead but finally found something better.,147,36 comments,N/A,Neutral,2024-12-08 12:03:35.605743
dividends,JEPQ first dividend.,148,65 comments,N/A,Neutral,2024-12-08 12:03:35.605815
dividends,900 a month from 122k,133,108 comments,N/A,Neutral,2024-12-08 12:03:35.605887
dividends,38m started investing 6 year ago‚Ä¶ how am I doing?,130,82 comments,N/A,Neutral,2024-12-08 12:03:35.605969
dividends,Best dividend stocks with $1mill,107,131 comments,N/A,Neutral,2024-12-08 12:03:35.606041
dividends,SCHD Challenge Update,104,38 comments,N/A,Neutral,2024-12-08 12:03:35.606113
dividends,Which portfolio?,92,69 comments,N/A,Neutral,2024-12-08 12:03:35.606184
dividends,Why are so many people against dividend investing? I just cannot believe how divisive the ETF community is about that hell the entire stock market community is pretty divided. Is there something I‚Äôm missing or?,97,163 comments,N/A,Positive,2024-12-08 12:03:35.606286
dividends,"27M just started portfolio around 2 months ago, any suggestions?",66,51 comments,N/A,Neutral,2024-12-08 12:03:35.606361
dividends,The 2024 Help Desk Gift Guide: Tech we tested and recommend,‚Ä¢,0,N/A,Neutral,2024-12-08 12:03:35.606451
dividends,What are the downsides of buying the holdings of SCHD,61,60 comments,N/A,Positive,2024-12-08 12:03:35.606525
dividends,"Building my portfolio, any advice?",56,51 comments,N/A,Neutral,2024-12-08 12:03:35.606597
dividends,Proctor & Gamble,57,29 comments,N/A,Neutral,2024-12-08 12:03:35.606669
dividends,For those that are choosing individual dividend stocks over ETFs‚Ä¶.why?,56,105 comments,N/A,Neutral,2024-12-08 12:03:35.606747
dividends,Best dividend ETF for next 15 years or so?,40,61 comments,N/A,Neutral,2024-12-08 12:03:35.606820
dividends,First year so far.,42,14 comments,N/A,Neutral,2024-12-08 12:03:35.606891
dividends,"Dow up, Dividend ETFs down. ??",39,48 comments,N/A,Neutral,2024-12-08 12:03:35.606963
dividends,Best dividend stock?,40,129 comments,N/A,Neutral,2024-12-08 12:03:35.607034
dividends,My dividend portfolio,40,10 comments,N/A,Neutral,2024-12-08 12:03:35.607105
dividends,100% dividend investing at 27?,33,42 comments,N/A,Neutral,2024-12-08 12:03:35.607177
daytrading,Full time RETAIL trader 10 years AMA,666,615 comments,N/A,Neutral,2024-12-08 12:03:49.011687
daytrading,Bitcoin is at all time High! Ready to Trade in Crypto? üíπ Start your Crypto Trading journey with confidence on CoinDCX! üöÄ Learn Karo. Crypto Karo.,3,comment,N/A,Neutral,2024-12-08 12:03:49.011785
daytrading,Just made 3500 dollars on the difference between buy and sell.,511,150 comments,N/A,Neutral,2024-12-08 12:03:49.011873
daytrading,oops I did it again ($2000 month),363,292 comments,N/A,Positive,2024-12-08 12:03:49.011961
daytrading,You are not in the prediction business. You are in the risk business.,316,41 comments,N/A,Negative,2024-12-08 12:03:49.012046
daytrading,Was there any way to foresee this huge spike in price?,240,143 comments,N/A,Neutral,2024-12-08 12:03:49.012133
daytrading,Turned a 20$ Loss into a 300$ Loss,181,81 comments,N/A,Negative,2024-12-08 12:03:49.012216
daytrading,What am i doing wrong? keep falling for false breakouts.,178,197 comments,N/A,Neutral,2024-12-08 12:03:49.012302
daytrading,The 99% of traders fail is a fake statistic,170,116 comments,N/A,Neutral,2024-12-08 12:03:49.012386
daytrading,Someone please tell me what I did wrong here,156,226 comments,N/A,Neutral,2024-12-08 12:03:49.012471
daytrading,This Is Why Risk Management Is Important!,159,35 comments,N/A,Negative,2024-12-08 12:03:49.012556
daytrading,Thoughts,136,38 comments,N/A,Neutral,2024-12-08 12:03:49.012648
daytrading,Not Profitable? Try This,139,43 comments,N/A,Positive,2024-12-08 12:03:49.012735
daytrading,Never miss another trade! Accurate trading signals. 7-day free trial.,2463,0,N/A,Neutral,2024-12-08 12:03:49.012825
daytrading,Might be profitable after 6 years. Accidentally,134,80 comments,N/A,Positive,2024-12-08 12:03:49.012909
daytrading,1700 profit 10 minute pre market scalping,124,112 comments,N/A,Positive,2024-12-08 12:03:49.012994
daytrading,You don't need crazy high win rates and risk-to-rewards!,116,79 comments,N/A,Negative,2024-12-08 12:03:49.013080
daytrading,What was my mistake?,113,238 comments,N/A,Neutral,2024-12-08 12:03:49.013164
daytrading,How do you think 24 hour markets will affect day-trading?,113,120 comments,N/A,Neutral,2024-12-08 12:03:49.013248
daytrading,"You can be profitable with a negative win % ratio, as long as you manage your risk.",99,24 comments,N/A,Neutral,2024-12-08 12:03:49.013335
daytrading,"My first profitable month, what adjustments I made.",99,49 comments,N/A,Positive,2024-12-08 12:03:49.013421
daytrading,For those of you that get burned with false breakouts.,93,64 comments,N/A,Neutral,2024-12-08 12:03:49.013506
daytrading,Current goal... just be green,86,52 comments,N/A,Neutral,2024-12-08 12:03:49.013588
daytrading,Got scared for life. Never shorting these Chinese P&Ds ever again,78,82 comments,N/A,Positive,2024-12-08 12:03:49.013674
daytrading,"you can't escape losses, nobody can",72,25 comments,N/A,Negative,2024-12-08 12:03:49.013756
daytrading,Stay ahead of global events with Micro FX futures and seize opportunities driven by macroeconomic factors.,‚Ä¢,0,N/A,Neutral,2024-12-08 12:03:49.013847
daytrading,Why did I get stopped out here?,66,55 comments,N/A,Neutral,2024-12-08 12:03:49.013932
daytrading,Learned how to read level 2 and now I'm up over 9% My biggest profitable trading day!,63,42 comments,N/A,Positive,2024-12-08 12:03:49.014019
pennystocks,Which stock are you most proud of buying at the right time?,388,376 comments,N/A,Positive,2024-12-08 12:04:02.348375
pennystocks,Bitcoin is at all time High! Ready to Trade in Crypto? üíπ Start your Crypto Trading journey with confidence on CoinDCX! üöÄ Learn Karo. Crypto Karo.,2,comment,N/A,Neutral,2024-12-08 12:04:02.348473
pennystocks,KULR is the Future: Strategic Bitcoin Play Could Make This Penny Stock a Multi-Bagger,206,131 comments,N/A,Neutral,2024-12-08 12:04:02.348564
pennystocks,"For you KULR nerds out there like me. KULR, just got cooler.",195,181 comments,N/A,Neutral,2024-12-08 12:04:02.348652
pennystocks,Convince me not to put $100k into CABA on Monday.,138,145 comments,N/A,Neutral,2024-12-08 12:04:02.348739
pennystocks,"Sharing my Penny Stocks in Focus: KULR, MYNZ, BOLT.CN, OPTT, KDLY and Their Potential",112,103 comments,N/A,Neutral,2024-12-08 12:04:02.348826
pennystocks,"Done well this year, time to ramp it up in '25 üöÄüìà",105,93 comments,N/A,Neutral,2024-12-08 12:04:02.348914
pennystocks,First Week of December Watchlist: I Have a Good Feeling About 2025,77,61 comments,N/A,Neutral,2024-12-08 12:04:02.349002
pennystocks,"Buying Beat Up Stocks for January Profits: $PRSO, $SKYX, $NB, $INBS, $ATLX",77,16 comments,"$PRSO, $SKYX, $NB, $INBS, $ATLX",Positive,2024-12-08 12:04:02.349095
pennystocks,"My Top 7 Penny Stocks to Watch Now: KULR, MYNZ, BOLT.CN, OPTT, KDLY & More! High-Risk, High-Reward Picks for 2024",70,78 comments,N/A,Negative,2024-12-08 12:04:02.349185
pennystocks,Great news for ELTP,64,18 comments,N/A,Neutral,2024-12-08 12:04:02.349267
pennystocks,Antimony Stocks About To Break Out üöÄ,64,68 comments,N/A,Neutral,2024-12-08 12:04:02.349354
pennystocks,$KDLY A $7M MC Penny Stock Backed by a $600 Billion Dollar Company +MORE,61,43 comments,$KDLY,Neutral,2024-12-08 12:04:02.349441
pennystocks,I wrote the post last month on OPTT before it blew up - Just following through.,59,28 comments,N/A,Neutral,2024-12-08 12:04:02.349528
pennystocks,Never miss another trade! Accurate trading signals. 7-day free trial.,2465,0,N/A,Neutral,2024-12-08 12:04:02.349619
pennystocks,"December 6, 2024, Sharing my Stock updates on my watchlist and Key Developments for each",57,37 comments,N/A,Neutral,2024-12-08 12:04:02.349706
pennystocks,"10 Bagger potential. Buy-Out likely. $AKTS (be smart, tight SL)",52,32 comments,$AKTS,Positive,2024-12-08 12:04:02.349791
pennystocks,RGTI: A Quantum Leap for Investors,55,69 comments,N/A,Neutral,2024-12-08 12:04:02.349875
pennystocks,$KULR VS $MVST quick information,52,56 comments,"$KULR, $MVST",Neutral,2024-12-08 12:04:02.349960
pennystocks,AMPX üöÄüöÄüöÄüöÄüöÄ,52,18 comments,N/A,Neutral,2024-12-08 12:04:02.350044
pennystocks,"Are we witnessing overhyped markets, or are we seeing new global giants beginning their journey to greatness?",44,101 comments,N/A,Neutral,2024-12-08 12:04:02.350135
pennystocks,Clover Health is about to explode in 2025,42,33 comments,N/A,Neutral,2024-12-08 12:04:02.350221
pennystocks,You're going to think back to this post 3-5 years from now wishing you just put in a little extra attention to Gorilla Technology Inc ($GRRR),40,41 comments,$GRRR,Neutral,2024-12-08 12:04:02.350311
pennystocks,üöõüí∞ $CVGI - A Trump Infrastructure Play That's Being Slept On (Insiders Buying),36,50 comments,$CVGI,Positive,2024-12-08 12:04:02.350403
pennystocks,Do any of you day trade penny stocks for a living?,31,71 comments,N/A,Neutral,2024-12-08 12:04:02.350489
pennystocks,Military Metals Corp. (CSE: MILI) (OTCQB: MILIF) Today!!! China bans export of key minerals to U.S. as trade frictions escalate,30,32 comments,N/A,Neutral,2024-12-08 12:04:02.350577
pennystocks,"‚ÄúDelight in Bombay Halwa üç¨ Soft, chewy, and bursting with authentic flavors. Freshly made and delivered next day! üöö Order now from The Modern Village!‚Äù",‚Ä¢,6 comments,N/A,Neutral,2024-12-08 12:04:02.351205
pennystocks,$WKSP. Worksport.,29,42 comments,$WKSP,Neutral,2024-12-08 12:04:02.351297
options,Assuming a 30-40% drop in the market starts in January - which puts would make you a millionaire?,397,637 comments,N/A,Neutral,2024-12-08 12:04:15.222636
options,"we built what we needed: free way to find accessible games, built by disabled gamers (free forever, waitlist open!)",‚Ä¢,0,N/A,Neutral,2024-12-08 12:04:15.222737
options,I'm Out. Closed All Positions Except LEAPS.,162,165 comments,N/A,Neutral,2024-12-08 12:04:15.222822
options,Lost my whole port today,152,355 comments,N/A,Neutral,2024-12-08 12:04:15.222904
options,$AMZN: Free Money Glitch,81,59 comments,$AMZN,Neutral,2024-12-08 12:04:15.222986
options,Where Do You Turn for Solid Options Picks?,68,73 comments,N/A,Neutral,2024-12-08 12:04:15.223068
options,MSTR $400 Leaps beaten up by IV contraction,71,63 comments,N/A,Neutral,2024-12-08 12:04:15.223149
options,LEAPS Trading Dilemma: Take Profits Now or Ride the Long-Term Wave,41,47 comments,N/A,Positive,2024-12-08 12:04:15.223227
options,"Cheap Calls, Puts and Earnings Plays for this week",41,13 comments,N/A,Neutral,2024-12-08 12:04:15.223303
options,I cant cope huge options loss.,36,222 comments,N/A,Negative,2024-12-08 12:04:15.223378
options,Did I just make $1k in <7 minutes selling a 0DTE OTM $390p (CSP) on AppLovin ($APP)?,31,58 comments,$APP,Negative,2024-12-08 12:04:15.223455
options,Look for some good leaps to buy that expire 2026,29,114 comments,N/A,Positive,2024-12-08 12:04:15.223531
options,Best DTE for Selling Puts?,26,69 comments,N/A,Negative,2024-12-08 12:04:15.223605
options,"Make $250/hour or $3,000 per study with remote, online research work‚Äîjoin today!",‚Ä¢,0,N/A,Neutral,2024-12-08 12:04:15.223691
options,Bro this is tough. Missing everything on nvidia options this week.,25,35 comments,N/A,Neutral,2024-12-08 12:04:15.223766
options,Happy Monday Happy December.,23,30 comments,N/A,Neutral,2024-12-08 12:04:15.223841
options,Option tools I used in 2024,18,19 comments,N/A,Neutral,2024-12-08 12:04:15.223914
options,Roast my trade: short SPY for a drop tomorrow,17,50 comments,N/A,Neutral,2024-12-08 12:04:15.223989
options,Selling covered calls monthly or yearly,17,32 comments,N/A,Negative,2024-12-08 12:04:15.224066
options,Just found out about Covered Calls,14,127 comments,N/A,Neutral,2024-12-08 12:04:15.224140
options,Fixing Covered Calls,17,23 comments,N/A,Neutral,2024-12-08 12:04:15.224212
options,Is selling cash covered puts on the money for smci safe? 7% premium for 3-5 day contracts.,14,54 comments,N/A,Negative,2024-12-08 12:04:15.224288
options,Profit Mechanisms for Options Trading,17,9 comments,N/A,Positive,2024-12-08 12:04:15.224362
options,Bitcoin Euphoria Threatens to Break These ETFs,13,18 comments,N/A,Neutral,2024-12-08 12:04:15.224435
options,Selling Covered Calls on NVDA,12,47 comments,N/A,Negative,2024-12-08 12:04:15.224508
options,Our Forex Trading Course is free to sign up for a limited time only! Grab your lifetime access today. Offer ends 31 December 2024!,‚Ä¢,0,N/A,Neutral,2024-12-08 12:04:15.224593
options,Grrrrrreeks,12,20 comments,N/A,Neutral,2024-12-08 12:04:15.224666
options,2k to invest in calls/puts,12,68 comments,N/A,Neutral,2024-12-08 12:04:15.224738
FIRE,$900k at 40 years old,869,202 comments,N/A,Neutral,2024-12-08 12:04:28.663942
FIRE,Bitcoin is at all time High! Ready to Trade in Crypto? üíπ Start your Crypto Trading journey with confidence on CoinDCX! üöÄ Learn Karo. Crypto Karo.,3,comment,N/A,Neutral,2024-12-08 12:04:28.664035
FIRE,Many of us are using RE fantasies to avoid problems we could solve today,493,160 comments,N/A,Neutral,2024-12-08 12:04:28.664121
FIRE,Hit 100k in my Roth today,435,58 comments,N/A,Neutral,2024-12-08 12:04:28.664203
FIRE,375k at 33 years old. Tired and hitting savings fatigue,393,252 comments,N/A,Neutral,2024-12-08 12:04:28.664285
FIRE,Im mentally going crazy seeing stocks reaching ath‚Äôs and I sold 150k from my portfolio 2 years ago to buy a condo that‚Äôs gone down in value ..,397,331 comments,N/A,Positive,2024-12-08 12:04:28.664377
FIRE,Years of savings has made me very frugal...,352,232 comments,N/A,Neutral,2024-12-08 12:04:28.664459
FIRE,Hit my number same week I got laid off,314,157 comments,N/A,Neutral,2024-12-08 12:04:28.664539
FIRE,3.5M milestone,277,101 comments,N/A,Neutral,2024-12-08 12:04:28.664617
FIRE,I hit $200k+ in my personal savings and investments at 28M.,271,47 comments,N/A,Neutral,2024-12-08 12:04:28.664704
FIRE,I was shocked how much social security I qualify for despite planning for early 30s retirement,262,203 comments,N/A,Neutral,2024-12-08 12:04:28.664789
FIRE,Milestones!,259,50 comments,N/A,Neutral,2024-12-08 12:04:28.664870
FIRE,RE one year later - my perspective,194,27 comments,N/A,Neutral,2024-12-08 12:04:28.664950
FIRE,Taken down by his own conscious...lmao,‚Ä¢,0,N/A,Neutral,2024-12-08 12:04:28.665044
FIRE,Can I retire with 1.2m at 44?,190,222 comments,N/A,Neutral,2024-12-08 12:04:28.665124
FIRE,Passed $1m NW,186,51 comments,N/A,Neutral,2024-12-08 12:04:28.665204
FIRE,1.5M at ~40. Wooho and thank you!,162,34 comments,N/A,Neutral,2024-12-08 12:04:28.665285
FIRE,Did the FIRE movement only occur due to corporation moving away from standard pensions 30 years ago?,142,181 comments,N/A,Neutral,2024-12-08 12:04:28.665368
FIRE,Kids these days...,130,115 comments,N/A,Neutral,2024-12-08 12:04:28.665447
FIRE,Healthcare worker Hit 1.3 M in Net Worth,134,95 comments,N/A,Neutral,2024-12-08 12:04:28.665529
FIRE,60% gain in S&P 500 in last 2 years,114,136 comments,N/A,Positive,2024-12-08 12:04:28.665608
FIRE,Trying to get laid off,105,78 comments,N/A,Neutral,2024-12-08 12:04:28.665688
FIRE,The lost decade,101,77 comments,N/A,Neutral,2024-12-08 12:04:28.665766
FIRE,"FIRE has altered my outlook on work, hurting my productivity. Looking for advice?",94,50 comments,N/A,Neutral,2024-12-08 12:04:28.665848
FIRE,"Finally hit my goal, 3m + paid off home. Would like a second set of eyes.",91,93 comments,N/A,Neutral,2024-12-08 12:04:28.665930
FIRE,How dependent is your plan on ACA?,92,192 comments,N/A,Neutral,2024-12-08 12:04:28.666011
FIRE,Hit $1M NW at 36 YO Married with Kids,86,22 comments,N/A,Neutral,2024-12-08 12:04:28.666092
IndiaInvestments,My Brother in Law wants to invest 60L to get regular income.,184,65 comments,N/A,Neutral,2024-12-08 12:04:53.780043
IndiaInvestments,I'm 37 years old with all of my investment only in the form of FDs of various banks. Please help.,174,76 comments,N/A,Neutral,2024-12-08 12:04:53.780161
IndiaInvestments,"As a long term investor in India do you wonder about issues with infrastructure, norms, pollution, corruption causing a crash in the future?",77,31 comments,N/A,Negative,2024-12-08 12:04:53.780274
IndiaInvestments,"How would you use an amount of around 1.5 Cr, if you had it?",56,97 comments,N/A,Neutral,2024-12-08 12:04:53.780376
IndiaInvestments,Insurance Company Deducting Amount from Second Claim Due to Their Own Error in First Claim ‚Äì Need Advice,14,19 comments,N/A,Neutral,2024-12-08 12:04:53.780506
IndiaInvestments,Have two questions in context of Motilal Oswal S & P index fund investment.,4,5 comments,N/A,Neutral,2024-12-08 12:04:53.780609
IndiaInvestments,"Bi-Weekly Advice Thread December 01, 2024: All Your Personal Queries",1,41 comments,N/A,Neutral,2024-12-08 12:04:53.780713
IndiaInvestments,Reviews of banking services & products thread for December 2024 : Request or post reviews here.,1,2 comments,N/A,Neutral,2024-12-08 12:04:53.780820
IndiaInvestments,Unable to change bank details in Groww app via MF Central website,0,4 comments,N/A,Neutral,2024-12-08 12:04:53.780922
IndiaInvestments,How do former NRIs manage finances abroad remotely after Return to India?,0,comment,N/A,Neutral,2024-12-08 12:04:53.781024
IndiaInvestments,Can a NRI return to India and retire comfortably with a $1 Million dollars?,0,6 comments,N/A,Neutral,2024-12-08 12:04:53.781126
Trading,"I want to trade for a living, so done with my sales role",151,83 comments,N/A,Neutral,2024-12-08 12:05:06.703576
Trading,Bitcoin is at all time High! Ready to Trade in Crypto? üíπ Start your Crypto Trading journey with confidence on CoinDCX! üöÄ Learn Karo. Crypto Karo.,3,comment,N/A,Neutral,2024-12-08 12:05:06.703681
Trading,Any trading YouTube channel where the guru doesn't sell you a course?,110,180 comments,N/A,Negative,2024-12-08 12:05:06.703767
Trading,74% Win rate without STOP LOSS,103,60 comments,N/A,Negative,2024-12-08 12:05:06.703849
Trading,Trading by gut feeling is underrated,90,48 comments,N/A,Neutral,2024-12-08 12:05:06.703931
Trading,Most Pro traders didn't go to college??,39,111 comments,N/A,Neutral,2024-12-08 12:05:06.704013
Trading,Got a Trading Strategies while in full-time job.,33,55 comments,N/A,Neutral,2024-12-08 12:05:06.704094
Trading,What is the most money you made in one day trading?,29,126 comments,N/A,Neutral,2024-12-08 12:05:06.704175
Trading,How to get started with trading?,28,30 comments,N/A,Neutral,2024-12-08 12:05:06.704256
Trading,How much of success in trading stocks is based on luck?,19,60 comments,N/A,Neutral,2024-12-08 12:05:06.704337
Trading,Tips for the young ones,17,21 comments,N/A,Neutral,2024-12-08 12:05:06.704417
Trading,Dont scalp if you dont have patience (price action not price patterns will win),13,9 comments,N/A,Neutral,2024-12-08 12:05:06.704500
Trading,36% win ratio,11,16 comments,N/A,Neutral,2024-12-08 12:05:06.704579
Trading,Never miss another trade! Accurate trading signals. 7-day free trial.,2463,0,N/A,Neutral,2024-12-08 12:05:06.704668
Trading,Give advices for a wannabe trader.,12,30 comments,N/A,Neutral,2024-12-08 12:05:06.704749
Trading,Beginner,10,18 comments,N/A,Neutral,2024-12-08 12:05:06.704827
Trading,"Let‚Äôs Talk Strategies, Lessons, and Staying in the Game",9,12 comments,N/A,Neutral,2024-12-08 12:05:06.704913
Trading,What‚Äôs the One Forex Myth You Believed That Cost You Money?,9,10 comments,N/A,Neutral,2024-12-08 12:05:06.704996
Trading,Why was xauusd so choppy the past week?,10,9 comments,N/A,Neutral,2024-12-08 12:05:06.705077
Trading,Are we already in the Bull run?,9,40 comments,N/A,Neutral,2024-12-08 12:05:06.705158
Trading,Need of trading friends,8,4 comments,N/A,Neutral,2024-12-08 12:05:06.705238
Trading,Can someone explain this please? How are traders forced out,6,13 comments,N/A,Neutral,2024-12-08 12:05:06.705319
Trading,Drinking and Trading?,3,46 comments,N/A,Neutral,2024-12-08 12:05:06.705399
Trading,Anyone know of any trading groups I can join?,6,10 comments,N/A,Neutral,2024-12-08 12:05:06.705480
Trading,How do i start trading and on which platforms,4,6 comments,N/A,Neutral,2024-12-08 12:05:06.705564
Trading,"Ready to pursue your nursing education? With Sophia‚Äôs Nursing Pathway, there are no start dates. Begin anytime, 100% online.",‚Ä¢,0,N/A,Neutral,2024-12-08 12:05:06.705660
Trading,Is there anyone struggling with this or it‚Äôs just me?,5,47 comments,N/A,Neutral,2024-12-08 12:05:06.705742
Trading,This is the dumbest thing I've seen today,4,4 comments,N/A,Neutral,2024-12-08 12:05:06.705824
TheDividendGrowth,r/dividends: Dividend Investing,0,0,N/A,Neutral,2024-12-08 12:05:19.523675
TheDividendGrowth,r/investingforbeginners: Investing for Beginners: No Indexing or Betting Here,0,0,N/A,Neutral,2024-12-08 12:05:19.523778
TheDividendGrowth,r/investing: Lose money with friends!,0,0,N/A,Neutral,2024-12-08 12:05:19.523864
TheDividendGrowth,r/climate: Information about the world's climate,0,0,N/A,Neutral,2024-12-08 12:05:19.523952
TheDividendGrowth,r/qyldgang: Income Investing,0,0,N/A,Neutral,2024-12-08 12:05:19.524046
TheDividendGrowth,r/DefianceETFs: DefianceETFs,0,0,N/A,Neutral,2024-12-08 12:05:19.524128
TheDividendGrowth,r/stocks: Stocks - Investing and trading for all,0,0,N/A,Neutral,2024-12-08 12:05:19.524217
TheDividendGrowth,r/CanadianInvestor: Canadian Investor,0,0,N/A,Neutral,2024-12-08 12:05:19.524300
TheDividendGrowth,u/European_DGI:,0,0,N/A,Neutral,2024-12-08 12:05:19.524377
TheDividendGrowth,u/DividendPortfolio: Dividend Portfolio,0,0,N/A,Neutral,2024-12-08 12:05:19.524450
TheDividendGrowth,r/AllCryptoBets: AllCryptoBets,0,0,N/A,Neutral,2024-12-08 12:05:19.524534
TheDividendGrowth,r/fiaustralia: Financial Independence Australia,0,0,N/A,Neutral,2024-12-08 12:05:19.524627
TheDividendGrowth,r/dividendgang: The Better Dividend Investing Sub,0,0,N/A,Neutral,2024-12-08 12:05:19.524712
TheDividendGrowth,u/navyjoe1987: Joseph,0,0,N/A,Neutral,2024-12-08 12:05:19.524787
TheDividendGrowth,r/CryptoCurrencyTrading: CryptoCurrency Trading,0,0,N/A,Neutral,2024-12-08 12:05:19.524873
TheDividendGrowth,r/CryptocurrencyICO: Cryptocurrency & ICOs - Crypto News and Initial Coin Offerings updated in real time.,0,0,N/A,Neutral,2024-12-08 12:05:19.524961
TheDividendGrowth,r/Spotcoin: Spotcoin - Simple Liquidity,0,0,N/A,Neutral,2024-12-08 12:05:19.525034
TheDividendGrowth,r/ZAAG: ZAAG,0,0,N/A,Neutral,2024-12-08 12:05:19.525120
TheDividendGrowth,r/CryptoMars: Crypto Mars,0,0,N/A,Neutral,2024-12-08 12:05:19.525204
TheDividendGrowth,r/CryptoMarsShots: CryptoMarsShots,0,0,N/A,Neutral,2024-12-08 12:05:19.525289
TheDividendGrowth,r/zim: zim,0,0,N/A,Neutral,2024-12-08 12:05:19.525374
TheDividendGrowth,r/ico: r/ico,0,0,N/A,Neutral,2024-12-08 12:05:19.525460
TheDividendGrowth,r/M1Finance: M1,0,0,N/A,Neutral,2024-12-08 12:05:19.525553
TheDividendGrowth,r/shitcoinmoonshots: shitcoinmoonshots,0,0,N/A,Positive,2024-12-08 12:05:19.525640
TheDividendGrowth,r/Economics: The Dismal Science,0,0,N/A,Neutral,2024-12-08 12:05:19.525722
ETFs,"$10,000 invested in VTI and VXUS since 1988, with all dividends reinvested.",2072,282 comments,N/A,Neutral,2024-12-08 12:05:32.980382
ETFs,"Built this $787k account with just 4 ETFs. Living off $1,560/month in dividends. Early retirement starts next year",840,125 comments,N/A,Neutral,2024-12-08 12:05:32.980485
ETFs,So Powell basically just called Bitcoin worthless and will never get adopted.,500,715 comments,N/A,Neutral,2024-12-08 12:05:32.980581
ETFs,Shiller PE ratio is now the highest it has EVER been since the dotcom bubble and Vanguard has just sent out a letter to investors that VTI is no longer legally classified as a diversified fund because of single stock weighting. ‚ò†Ô∏è,198,96 comments,N/A,Neutral,2024-12-08 12:05:32.980868
ETFs,My first $1000,130,23 comments,N/A,Neutral,2024-12-08 12:05:32.980970
ETFs,starting today adding $100 to each monthly 20 years old. look good? any advice?,97,52 comments,N/A,Neutral,2024-12-08 12:05:32.981063
ETFs,Enough with the good sense and responsible decisions. Tell me about some batshit insane ETFs.,81,91 comments,N/A,Neutral,2024-12-08 12:05:32.981154
ETFs,My ‚Äúportfolio‚Äù,81,41 comments,N/A,Neutral,2024-12-08 12:05:32.981244
ETFs,"The debate is always between VOO AND VTI, why isn‚Äôt the Russell 1000 ever a part of this debate?",69,50 comments,N/A,Negative,2024-12-08 12:05:32.981338
ETFs,Im 37M this are my holdings and I contribute annually 40k. How is look for the next 15 years ahead?,61,60 comments,N/A,Neutral,2024-12-08 12:05:32.981432
ETFs,Age under 50? Choose from these 3 simple and fun portfolio options! Cast your vote.,47,28 comments,N/A,Neutral,2024-12-08 12:05:32.981522
ETFs,Need advice,49,36 comments,N/A,Neutral,2024-12-08 12:05:32.981610
ETFs,"‚ÄúAuthentic Kerala Banana Chips üçå Crispy, fresh, and delivered next day! üöö Perfect for snack time. Order now from The Modern Village!‚Äù",272,36 comments,N/A,Neutral,2024-12-08 12:05:32.981706
ETFs,If you had to pick two‚Ä¶.,44,47 comments,N/A,Neutral,2024-12-08 12:05:32.981797
ETFs,"Looking to invest $50,000. Any advice?",39,69 comments,N/A,Neutral,2024-12-08 12:05:32.981885
ETFs,Proof that patience is key,41,10 comments,N/A,Neutral,2024-12-08 12:05:32.981975
ETFs,Any recommendations??,34,60 comments,N/A,Neutral,2024-12-08 12:05:32.982062
ETFs,How much money should I invest in VOO?,33,71 comments,N/A,Neutral,2024-12-08 12:05:32.982150
ETFs,Why invest in gold?,30,79 comments,N/A,Neutral,2024-12-08 12:05:32.982237
ETFs,VOO + mid/small cap ETFs vs. VTI alone ?,29,43 comments,N/A,Neutral,2024-12-08 12:05:32.982326
ETFs,Any recommendations,27,35 comments,N/A,Neutral,2024-12-08 12:05:32.982414
ETFs,"I have $800 a month to start investing, but where should I start, I‚Äôm new to investing?",22,55 comments,N/A,Neutral,2024-12-08 12:05:32.982506
ETFs,Reformed individual stock pickers - what was the last straw when you turn completely to ETF investing?,25,50 comments,N/A,Neutral,2024-12-08 12:05:32.982598
ETFs,I just recently switched from trying to stock pick for the last three years to finally wising up and investing in ETFs‚Ä¶ OK Tear apart boys lol,20,48 comments,N/A,Neutral,2024-12-08 12:05:32.982695
ETFs,Intel CEO Pat Gelsinger steps down as chipmaker‚Äôs struggles continue,‚Ä¢,0,N/A,Neutral,2024-12-08 12:05:32.982795
ETFs,New to ETF Investing,16,25 comments,N/A,Neutral,2024-12-08 12:05:32.982882
ETFs,Opinions Appreciated,18,30 comments,N/A,Neutral,2024-12-08 12:05:32.982970
InvestingIndia,"Trading Options in Indian Index - ICICI Direct - How do you win a trade and still lose money, any better way to do this, thanks",0,4 comments,N/A,Neutral,2024-12-08 12:05:45.476859
Economics,Taxpayers spend 22% more per patient to support Medicare Advantage ‚Äì the private alternative to Medicare that promised to cost less,2654,155 comments,N/A,Neutral,2024-12-08 12:05:58.511779
Economics,Cloud Migration & Data Management - Book A 15 Minute Call Today & See How CloudM Can Help You.,‚Ä¢,0,N/A,Neutral,2024-12-08 12:05:58.511875
Economics,Russia is speeding into a demographic crisis with a 25-year-low birth rate as the Ukraine war rages on,2144,184 comments,N/A,Neutral,2024-12-08 12:05:58.511967
Economics,China Announces a Ban on Rare Minerals to the U.S.,1902,303 comments,N/A,Neutral,2024-12-08 12:05:58.512053
Economics,U.S. Commercial Real Estate Is Headed Toward a Crisis‚Äî Harvard Business Review,1509,382 comments,N/A,Neutral,2024-12-08 12:05:58.512138
Economics,White Collar Recession. Is Structural Unemployment Here to Stay?,1459,439 comments,N/A,Neutral,2024-12-08 12:05:58.512219
Economics,How America lost its taste for the middle,1277,297 comments,N/A,Neutral,2024-12-08 12:05:58.512297
Economics,"Tariff threats will do harm, even if Donald Trump does not impose them",1148,192 comments,N/A,Neutral,2024-12-08 12:05:58.512392
Economics,The Stock Market Is Doing Something Observed Just 3 Times Since 1871 - and History Is Crystal Clear What Happens Next,764,306 comments,N/A,Neutral,2024-12-08 12:05:58.512479
Economics,Trump 2.0 is shaping up to be a roller coaster for the stock market,756,169 comments,N/A,Neutral,2024-12-08 12:05:58.512564
Economics,China sees sharp drop in billionaires: 93 fall off the list as wealth plunges 20% in 2024,693,106 comments,N/A,Neutral,2024-12-08 12:05:58.512651
Economics,Taxpayers spend 22% more per patient to support private alternative to Medicare that promised to cost less,689,60 comments,N/A,Neutral,2024-12-08 12:05:58.512741
Economics,Study from Oct shows Trump Tax Plan Adversely Affects Low Income Americans,646,77 comments,N/A,Neutral,2024-12-08 12:05:58.512829
Economics,GM to write down value of China business by more than $5bn,627,81 comments,N/A,Neutral,2024-12-08 12:05:58.512912
Economics,Is this the end of the free trade era?,573,376 comments,N/A,Neutral,2024-12-08 12:05:58.512992
Economics,When it comes to price gouging - How come no one has looked at insurance companies?,558,123 comments,N/A,Neutral,2024-12-08 12:05:58.513076
Economics,"Fed Governor Waller says he is 'leaning toward' a December rate cut, but worries about inflation",544,181 comments,N/A,Neutral,2024-12-08 12:05:58.513160
Economics,Freddie Mac Reports 6.84% Mortgage Rate As Grant Cardone Warns Of Homeownership Crisis,379,180 comments,N/A,Neutral,2024-12-08 12:05:58.513246
Economics,"Tariffs under first Trump term hurt US firms, NY Fed analysis says",379,40 comments,N/A,Neutral,2024-12-08 12:05:58.513327
Economics,Gen Z's financial angst underlies shift to the right,372,198 comments,N/A,Neutral,2024-12-08 12:05:58.513412
Economics,Why America‚Äôs economy is soaring ahead of its rivals | Financial Times,348,340 comments,N/A,Neutral,2024-12-08 12:05:58.513495
Economics,The science behind winning a Nobel prize? Being a man from a wealthy family,404,45 comments,N/A,Neutral,2024-12-08 12:05:58.513575
Economics,"November Jobs Report: US economy adds 227,000 jobs in November, Unemployment rate rises to 4.2% as labor markets rebound",331,81 comments,N/A,Neutral,2024-12-08 12:05:58.513658
Economics,Manufacturing is a war now,320,127 comments,N/A,Neutral,2024-12-08 12:05:58.513737
Economics,New stock exchange aiming to offer 23-hour trading set to launch in 2025,293,46 comments,N/A,Neutral,2024-12-08 12:05:58.513819
Economics,Canada's jobless rate jumps to near 8-year high of 6.8% in November,281,55 comments,N/A,Neutral,2024-12-08 12:05:58.513899
retirement,"Last day, last time I‚Äôm doing‚Ä¶",2212,316 comments,N/A,Neutral,2024-12-08 12:06:36.821168
retirement,Bitcoin is at all time High! Ready to Trade in Crypto? üíπ Start your Crypto Trading journey with confidence on CoinDCX! üöÄ Learn Karo. Crypto Karo.,2,comment,N/A,Neutral,2024-12-08 12:06:36.821289
retirement,"Living small, new, and content in retirement",279,106 comments,N/A,Neutral,2024-12-08 12:06:36.821393
retirement,How did you get through your last year of work?,109,367 comments,N/A,Neutral,2024-12-08 12:06:36.821495
retirement,How do you handle a car purchase in retirement?,87,379 comments,N/A,Neutral,2024-12-08 12:06:36.821594
retirement,"Self-Help Junkies, What Is Your Routine That Keeps You Excited About Your Life?",86,21 comments,N/A,Neutral,2024-12-08 12:06:36.821696
retirement,"Emergency fund amount in retirement? And, where is the money in kept?",47,121 comments,N/A,Neutral,2024-12-08 12:06:36.821796
retirement,What is your IRA spend plan in your retirement years?,25,101 comments,N/A,Neutral,2024-12-08 12:06:36.821894
retirement,How Do You Balance Health & Restaurants As Part Of Your Retirement Lifestyle?,19,80 comments,N/A,Neutral,2024-12-08 12:06:36.821994
retirement,Taking unemployment before retiring?,18,53 comments,N/A,Neutral,2024-12-08 12:06:36.822090
retirement,Returning to work after a year or more retired?,17,49 comments,N/A,Neutral,2024-12-08 12:06:36.822190
retirement,Starting over hiring my replacement?,15,60 comments,N/A,Neutral,2024-12-08 12:06:36.822291
retirement,What activities or events are you planning for the winter months?,16,38 comments,N/A,Neutral,2024-12-08 12:06:36.822390
retirement,"A UK education blends world-class teaching, an amazing student experience and boosts employability. Anything's possible when you study in the UK.",‚Ä¢,0,N/A,Neutral,2024-12-08 12:06:36.822506
retirement,"How do you plan for ""bonus-like"" splurges in retirement?",12,49 comments,N/A,Neutral,2024-12-08 12:06:36.822615
retirement,United Healthcare Medicare supplement - any decent experiences?,8,47 comments,N/A,Neutral,2024-12-08 12:06:36.822715
StockMarketIndia,Got so much lucky with BSE.,331,30 comments,N/A,Neutral,2024-12-08 12:06:49.924034
StockMarketIndia,Wordle meets trivia. Play today's Factle!,‚Ä¢,0,N/A,Neutral,2024-12-08 12:06:49.924129
StockMarketIndia,Definition of long term InvestorüòÇ,200,9 comments,N/A,Neutral,2024-12-08 12:06:49.924217
StockMarketIndia,Rate my portfolio + which stock would you sell out of these and why?,185,50 comments,N/A,Negative,2024-12-08 12:06:49.924303
StockMarketIndia,What is the most you have earned in one day,145,84 comments,N/A,Neutral,2024-12-08 12:06:49.924387
StockMarketIndia,Rate My Portfolio and Advice ?,119,478 comments,N/A,Neutral,2024-12-08 12:06:49.924470
StockMarketIndia,My Relative Phupagi Investment in Stocks,102,16 comments,N/A,Neutral,2024-12-08 12:06:49.924551
StockMarketIndia,Rate my portfolio for Long-term Holding,95,36 comments,N/A,Neutral,2024-12-08 12:06:49.924634
StockMarketIndia,Exactly 1 year of Investing into the Market!,92,25 comments,N/A,Neutral,2024-12-08 12:06:49.924716
StockMarketIndia,Nifty is behaving like crypto üòÇ,86,21 comments,N/A,Neutral,2024-12-08 12:06:49.924799
StockMarketIndia,Meme but a true one on Indian finance,81,3 comments,N/A,Neutral,2024-12-08 12:06:49.924881
StockMarketIndia,I really cooked Today,74,16 comments,N/A,Neutral,2024-12-08 12:06:49.924962
StockMarketIndia,Am I cooked?,68,116 comments,N/A,Neutral,2024-12-08 12:06:49.925042
StockMarketIndia,Official Website in India. Enjoy Now the Exclusive Games!,‚Ä¢,0,N/A,Neutral,2024-12-08 12:06:49.925133
StockMarketIndia,What is happen.,54,43 comments,N/A,Neutral,2024-12-08 12:06:49.925213
StockMarketIndia,Bank A/C vs Stock A/C,53,27 comments,N/A,Neutral,2024-12-08 12:06:49.925294
StockMarketIndia,Rate my portfolio for next 5 years,48,35 comments,N/A,Neutral,2024-12-08 12:06:49.925374
StockMarketIndia,Umm what??,47,14 comments,N/A,Neutral,2024-12-08 12:06:49.925454
StockMarketIndia,South korea martial law impact?,45,21 comments,N/A,Neutral,2024-12-08 12:06:49.925535
StockMarketIndia,Rate my portfolio (19M),39,29 comments,N/A,Neutral,2024-12-08 12:06:49.925616
StockMarketIndia,How fu***d I am ?,38,69 comments,N/A,Neutral,2024-12-08 12:06:49.925698
StockMarketIndia,What do you guys think?,39,25 comments,N/A,Neutral,2024-12-08 12:06:49.925778
StockMarketIndia,Will GDP Affect Market Tomorrow?,36,50 comments,N/A,Neutral,2024-12-08 12:06:49.925859
StockMarketIndia,I planned to double but nvm,34,3 comments,N/A,Neutral,2024-12-08 12:06:49.925939
StockMarketIndia,Will it hit 600 in two months?,32,33 comments,N/A,Neutral,2024-12-08 12:06:49.926020
StockMarketIndia,Rate my portfolio,32,39 comments,N/A,Neutral,2024-12-08 12:06:49.926100
StockMarketIndia,Nifty50 expiry today.,28,2 comments,N/A,Neutral,2024-12-08 12:06:49.926180
StockAnalysis,Alibaba Update: Lowering Our Fair Value Estimate Due to Cloud Unit Disclosures and Increased Uncertainty,1,comment,N/A,Neutral,2024-12-08 12:07:15.678377
microcapstocks,$WFLD - Realistic Assessment of Wellfield Technologies,0,comment,$WFLD,Neutral,2024-12-08 12:07:28.622965
spacs,AMA#43 - $FTAC/$FLD Bitcoin Financial Services firm w/ Betsy Cohen & Will Reeves (CEO),8,9 comments,"$FTAC, $FLD",Neutral,2024-12-08 12:07:41.891821
spacs,Taken down by his own conscious...lmao,‚Ä¢,0,N/A,Neutral,2024-12-08 12:07:41.891957
spacs,"IonQ Unveils Its First Quantum Computer in Europe, Online Now at a Record #AQ36",6,2 comments,N/A,Neutral,2024-12-08 12:07:41.892078
spacs,"Announcements x Daily Discussion for Wednesday, December 04, 2024",3,10 comments,N/A,Neutral,2024-12-08 12:07:41.892194
spacs,"Announcements x Daily Discussion for Tuesday, December 03, 2024",4,18 comments,N/A,Neutral,2024-12-08 12:07:41.892310
spacs,"Announcements x Daily Discussion for Monday, December 02, 2024",2,24 comments,N/A,Neutral,2024-12-08 12:07:41.892425
spacs,"Announcements x Daily Discussion for Friday, December 06, 2024",2,20 comments,N/A,Neutral,2024-12-08 12:07:41.892540
spacs,SPAC Trust Account Withdrawals and Tax Receivables: An Overlooked Opportunity,2,3 comments,N/A,Positive,2024-12-08 12:07:41.892658
spacs,"Announcements x Daily Discussion for Weekend of December 07, 2024",1,6 comments,N/A,Neutral,2024-12-08 12:07:41.892774
spacs,Lotus Tech ready for a rebound?,1,comment,N/A,Neutral,2024-12-08 12:07:41.892887
spacs,EVTL 2x Warrant Dilutiion,1,12 comments,N/A,Neutral,2024-12-08 12:07:41.893000
spacs,"Announcements x Daily Discussion for Thursday, December 05, 2024",1,14 comments,N/A,Neutral,2024-12-08 12:07:41.893115
CryptoCurrencyTrading,DWF Labs Unveils $20M Investment Fund for Meme Coin Innovators,39,10 comments,N/A,Neutral,2024-12-08 12:07:54.772689
CryptoCurrencyTrading,AI Crypto Projects by Revenue: How Does OriginTrail $TRAC Compare?,38,19 comments,$TRAC,Neutral,2024-12-08 12:07:54.772816
CryptoCurrencyTrading,#AI projects with real revenue?,16,4 comments,N/A,Neutral,2024-12-08 12:07:54.772936
CryptoCurrencyTrading,What is XRP and what is Elon Musk‚Äôs relation with Ripple.,6,2 comments,N/A,Neutral,2024-12-08 12:07:54.773058
CryptoCurrencyTrading,Who are the experts,4,4 comments,N/A,Neutral,2024-12-08 12:07:54.773171
CryptoCurrencyTrading,"Take Five: Crypto Gain, Europe Pain",2,comment,N/A,Positive,2024-12-08 12:07:54.773287
CryptoCurrencyTrading,The Month Bitcoin Shattered Records ‚Äì Dive into The Bitcoin Report!,2,comment,N/A,Neutral,2024-12-08 12:07:54.773406
CryptoCurrencyTrading,Crypto Kingpin Alex Mashinsky Pleads Guilty,2,comment,N/A,Neutral,2024-12-08 12:07:54.773521
CryptoCurrencyTrading,"XRP Holders, Does This Breakdown Bother You?",2,5 comments,N/A,Neutral,2024-12-08 12:07:54.773634
CryptoCurrencyTrading,Inside Charles Hoskinson‚Äôs Quantum Hosky Project,2,comment,N/A,Neutral,2024-12-08 12:07:54.773750
CryptoCurrencyTrading,Is There a better way to analyze crypto tokens? My journey with P/E ratios in crypto investments,1,2 comments,N/A,Neutral,2024-12-08 12:07:54.773869
CryptoCurrencyTrading,$GRIMEZAI confirmed as ai16z dao contributor. Ai16z ceo previously worked with Grimes. Could get interesting.,1,comment,$GRIME,Neutral,2024-12-08 12:07:54.773989
CryptoCurrencyTrading,CryptocurrencyTrading,1,comment,N/A,Neutral,2024-12-08 12:07:54.774101
CryptoCurrencyTrading,Mikawa Inu #SHIKOKU keeps going higherüî•,0,1 comment,N/A,Neutral,2024-12-08 12:07:54.774218
CryptoCurrencyTrading,who wants to become a trading partner???,0,8 comments,N/A,Neutral,2024-12-08 12:07:54.774332
mutualfunds,My portfolio at 23 years old,1104,139 comments,N/A,Neutral,2024-12-08 12:08:20.194826
mutualfunds,Another personal milestone reached (10L),567,74 comments,N/A,Neutral,2024-12-08 12:08:20.194967
mutualfunds,Been warning everyone chasing active midcap,319,76 comments,N/A,Neutral,2024-12-08 12:08:20.195063
mutualfunds,Roast my mf sips,105,32 comments,N/A,Neutral,2024-12-08 12:08:20.195153
mutualfunds,Here's why Smallcap 250 is trash,99,17 comments,N/A,Neutral,2024-12-08 12:08:20.195248
mutualfunds,Reached a small milestone,95,24 comments,N/A,Neutral,2024-12-08 12:08:20.195341
mutualfunds,Rate my Investments,86,15 comments,N/A,Neutral,2024-12-08 12:08:20.195430
mutualfunds,My 2.5 year old portfolio,81,41 comments,N/A,Neutral,2024-12-08 12:08:20.195525
mutualfunds,My portfolio is reaching 30L this month. Swipe left to see my SIPs. What improvements would you suggest?,78,44 comments,N/A,Neutral,2024-12-08 12:08:20.195620
mutualfunds,"Why is Parag Parikh Flexi Cap fund so popular on reddit? There are quite a few strong (and historically better) perfomers that are going unnoticed, am I missing comething crucial?",76,52 comments,N/A,Neutral,2024-12-08 12:08:20.195716
mutualfunds,10L milestone,62,15 comments,N/A,Neutral,2024-12-08 12:08:20.195807
mutualfunds,My portfolio at 28Y,51,2 comments,N/A,Neutral,2024-12-08 12:08:20.195902
mutualfunds,Fund in dematfolio,48,32 comments,N/A,Neutral,2024-12-08 12:08:20.195992
mutualfunds,I have 10 lakh to invest.,49,55 comments,N/A,Neutral,2024-12-08 12:08:20.196081
mutualfunds,Is it okay to keep all your savings in mutual funds?,46,21 comments,N/A,Neutral,2024-12-08 12:08:20.196171
mutualfunds,Financial Freedom Goal,44,10 comments,N/A,Neutral,2024-12-08 12:08:20.196264
mutualfunds,Motilal Oswal Mdcap and PPFC funds in every other reddit Op's dashboard,45,31 comments,N/A,Neutral,2024-12-08 12:08:20.196359
mutualfunds,ET money Update,39,45 comments,N/A,Neutral,2024-12-08 12:08:20.196448
mutualfunds,First time everything's green ü•≥,34,15 comments,N/A,Neutral,2024-12-08 12:08:20.197271
mutualfunds,My portfolio after 2.5 years of investing,36,15 comments,N/A,Neutral,2024-12-08 12:08:20.197371
mutualfunds,Updated my SIPs,33,18 comments,N/A,Neutral,2024-12-08 12:08:20.197459
mutualfunds,Annual Lump-sum @ 10% Nifty 50 Drawdown vs Monthly SIP,34,10 comments,N/A,Neutral,2024-12-08 12:08:20.197551
mutualfunds,My Mutual Funds Journey,30,27 comments,N/A,Neutral,2024-12-08 12:08:20.197640
mutualfunds,Are there some factors that most people ignore about SIP?,30,25 comments,N/A,Neutral,2024-12-08 12:08:20.197732
mutualfunds,"Why don't people here not suggesting Motilal s&p 500? With volatile Indian market, isn't it much better?",28,18 comments,N/A,Neutral,2024-12-08 12:08:20.197831
HFT,How to Join a HFT firm,1,2 comments,N/A,Neutral,2024-12-08 12:08:32.757847
